County,state,mortality_rate,number_death,cancer_incidence,number_cases,population_2015,age,income,poverty,household,married,unemployed,medicare,white,black,asian,BirthRate,group,random_n
"Alcona County, Michigan",Michigan,177,42,408.2,92,10349,56.6,36377,17.5,2.08,60.5,12.2,18.7,97.53554502,0.274881517,0.360189573,2.960526316,Group 3,0.042843796545639634
"Wheeler County, Oregon",Oregon,144.6,4,375,11,1358,56.5,33387,23.3,1.97,60.6,8.5,11.9,96.81008902,0,0.370919881,1.754385965,Group 3,0.2746920462232083
"Custer County, Colorado",Colorado,160.8,11,439.8,31,4445,56.4,48368,14.9,2.15,64.8,14,24.2,93.98094353,3.137346038,0,5.851979346,Group 2,0.15652466635219753
"Llano County, Texas",Texas,168.7,68,395.8,149,19796,56.3,45096,14.9,2.21,59,5.8,21.4,95.24918491,2.23567769,0.274284531,5.130927105,Group 3,0.13049285090528429
"Sierra County, California",California,158,9,312.8,16,2967,54.5,47293,13.8,2.38,52.4,8,25.5,96.42502483,0.099304866,0.033101622,2.073732719,Group 3,0.3335688605438918
"Iron County, Michigan",Michigan,167.6,41,344.3,72,11348,53.3,35961,17.3,2.07,51.2,9,19.7,96.56730686,0.504041019,0.36499522,4.683342203,Group 2,0.29418805288150907
"Presque Isle County, Michigan",Michigan,171.8,44,414.7,99,12841,53.2,39420,16.1,2.13,59.6,13.1,16.4,97.26931042,0.46022858,0.337500959,3.178368121,Group 1,0.12381129711866379
"Middlesex County, Virginia",Virginia,206.9,43,525.6,100,10606,52.7,48921,14.4,2.38,54.4,6.3,12.3,79.43454325,19.2964449,0,2.71468144,Group 3,0.19167272676713765
"Leelanau County, Michigan",Michigan,132.5,54,372.9,138,21981,52.4,60622,8.9,2.31,61.4,7.1,13.9,92.63733235,0.574131913,0.688958295,5.887253541,Group 1,0.3171456216368824
"Iron County, Wisconsin",Wisconsin,195.8,24,451.5,49,5794,52.4,39408,15.6,1.99,58.1,7,21.4,97.12205857,0.440155747,0.067716269,4.091341579,Group 2,0.07367822644300759
"Fall River County, South Dakota",South Dakota,187.8,25,515.1,61,6867,52.4,42007,17,2.14,52.3,4.1,17.6,87.05473501,1.12945265,0.79640892,6.16375345,Group 3,0.24009700841270387
"Wallowa County, Oregon",Oregon,150.3,20,457.3,53,6856,52.2,39743,15.8,2.18,57.3,9.5,21.3,95.59574158,0.30625638,0.233338195,4.545454545,Group 1,0.034140218049287796
"Madison County, Montana",Montana,129.5,17,378.7,46,7915,52.1,41539,12.6,2.23,55.3,4.8,13.7,95.69975538,0.772499034,0.051499936,3.238866397,Group 1,0.12068544421344995
"Sheridan County, North Dakota",North Dakota,124.8,4,374.8,9,1310,52,44990,16.1,2.05,63.2,2,23.3,98.27973074,0,0,4.95049505,Group 2,0.26734171248972416
"Divide County, North Dakota",North Dakota,93.8,4,330.6,11,2450,51.7,67344,8.3,2.07,64.5,0.7,6,95.67847882,0.475367329,0.864304235,14.4,Group 2,0.3468936225399375
"Baxter County, Arkansas",Arkansas,194.7,156,490.9,370,41053,51.5,37873,14.9,2.23,57.5,7.6,23.6,96.75194932,0.328947368,0.504385965,4.674318905,Group 1,0.2275004917755723
"Stone County, Missouri",Missouri,169.4,92,379.3,205,30943,51.3,40642,16.2,2.42,62.5,10.8,19.7,96.71713147,0.101992032,0.044621514,3.314818133,Group 1,0.1503631577361375
"Wibaux County, Montana",Montana,214.4,3,373.3,6,1130,51.2,43859,11.7,2.15,56.5,3,14.3,100,0,0,17.87709497,Group 2,0.2388455660548061
"Smith County, Kansas",Kansas,157.6,13,453.5494221,1962.667684,3704,50.7,41303,13.5,2.21,60.7,3.2,15.4,97.48663102,0.427807487,0.160427807,8.463949843,Group 1,0.3321222933009267
"Daniels County, Montana",Montana,197.5,6,444,13,1760,50.3,47376,10.8,1.99,57.2,2.6,11.7,98.17974972,0,0.170648464,7.560137457,Group 2,0.04501915816217661
"Clallam County, Washington",Washington,181.3,235,480.2,575,73486,50.1,47185,16.2,2.27,50.5,9.9,21,88.08928547,0.917165076,1.480724339,5.956137583,Group 2,0.11559016327373683
"Brunswick County, North Carolina",North Carolina,169.2,291,419.2,702,122765,50,47387,15.7,2.34,57.4,11.4,20.2,83.43598502,10.80344358,0.63920087,6.292374849,Group 3,0.1882021997589618
"Piscataquis County, Maine",Maine,194,53,478.1,128,16931,49.8,36994,20.3,2.24,52.8,10.5,25.8,96.57262765,0.37304733,0.466309163,6.290471785,Group 2,0.1660890830680728
"Camden County, Missouri",Missouri,152.7,107,399.4,279,44237,49.8,44410,17.5,2.6,57,9.1,19.7,96.46914199,0.507660437,0.703439798,5.73630137,Group 3,0.3215901313815266
"Sherman County, Oregon",Oregon,180.4,5,587.4,16,1680,49.8,53277,14.2,2.22,53.6,7.9,18.6,91.86629526,0.557103064,0.222841226,7.333333333,Group 3,0.16322288080118597
"Flagler County, Florida",Florida,174.6,300,444.8,698,105392,49.6,51556,11.6,0.0271,54.2,9.3,17.9,81.41253981,11.21220841,2.366470536,4.063558218,Group 2,0.11931138695217669
"Pickett County, Tennessee",Tennessee,160,14,483.4,38,5146,49.4,31996,19.2,2.25,66.7,4.9,21.8,97.68491269,0.74553659,0,8.686210641,Group 2,0.335557195590809
"Park County, Colorado",Colorado,137.9,23,402.1,74,16510,49.4,58487,9.4,2.2,59.2,5.6,15.2,95.8860955,0,0.963617271,4.06824147,Group 2,0.2158294152468443
"Greeley County, Kansas",Kansas,156.9,3,453.5494221,1962.667684,1330,49.4,52795,10.8,2.46,66.6,2.1,10.5,87.17320261,0.89869281,0.326797386,5.687203791,Group 2,0.2742375449743122
"Big Stone County, Minnesota",Minnesota,178,19,453.5494221,1962.667684,5040,49.2,46495,12.8,2.18,63.2,3.3,14.9,98.03272302,0.194779899,0.077911959,7.09382151,Group 2,0.336581920273602
"Mohave County, Arizona",Arizona,196.6,672,444.9,1424,204737,49.2,37704,20.8,2.43,49.5,13.2,29.2,89.04564275,1.127054219,1.227859679,4.575797025,Group 1,0.326396519318223
"Rappahannock County, Virginia",Virginia,149.6,17,401.1,44,7378,49.1,62800,9.3,2.26,63.9,2.9,13.1,92.38325932,4.185170233,0.807428341,5.182481752,Group 1,0.07586517813615501
"Chautauqua County, Kansas",Kansas,194.2,13,453.5494221,1962.667684,3402,49.1,39120,16.4,2.21,59.8,5.1,20.1,88.38068182,0.568181818,0,2.613240418,Group 1,0.31015171972103417
"Talbot County, Maryland",Maryland,161.9,111,454.6,280,37512,49,54836,11.7,2.3,54,6.7,16.2,82.23233419,11.88655785,1.481520675,3.328451604,Group 3,0.3295977977104485
"Hand County, South Dakota",South Dakota,130.6,8,348.6,19,3348,48.8,51201,10,2.19,58.9,1.7,9.9,98.81481481,0,0.296296296,3.64298725,Group 3,0.17120855394750834
"Hernando County, Florida",Florida,178.1,567,447.5,1300,178439,48.7,40094,15.3,2.45,52.4,13.7,25.8,89.94216545,5.380157772,1.088044666,5.381697487,Group 1,0.3340585152618587
"Charles City County, Virginia",Virginia,214.2,23,492.6,50,7040,48.6,49768,13.1,2.47,44.7,8.2,18.4,42.03427929,48.21579095,0.266928913,4.814305365,Group 3,0.3446073243394494
"Nelson County, Virginia",Virginia,194.3,44,526.7,120,14785,48.4,48076,13.4,2.33,50,5.7,15.2,83.89419841,13.44057074,0.249024095,5.74048913,Group 1,0.05622088513337076
"Benzie County, Michigan",Michigan,179,50,472.8,125,17457,48.4,48846,11.8,2.37,53.7,8.4,16.9,96.01422263,0.332626025,0.269541779,4.021937843,Group 1,0.13785045221447945
"Rockbridge County, Virginia",Virginia,159.2,58,338,115,22354,48.3,48497,13,2.39,55,4.1,15.6,93.75334165,2.86936375,0.699518802,6.476146578,Group 2,0.33321909862570465
"Cass County, Minnesota",Minnesota,168.1,76,453.5494221,1962.667684,28706,48.3,45179,15.7,2.19,61.1,7.4,25.9,85.19232792,0.361162734,0.497913672,7.941812463,Group 1,0.26155035221017897
"Baker County, Oregon",Oregon,169.5,46,438.3,110,16005,48.2,38966,20.6,2.16,56.3,10.1,22.3,94.94144032,0.255419885,0.67904311,9.370529328,Group 2,0.12137038400396705
"Coos County, New Hampshire",New Hampshire,181.6,93,459.2,223,31212,48.1,42491,14.9,2.13,51.5,6.9,22.5,95.54753687,1.735174145,0.429871352,5.975049245,Group 2,0.3440775403287262
"Clear Creek County, Colorado",Colorado,139.4,15,416.9,50,9303,48,69115,8.5,2.13,57.4,5.4,11.8,94.01269702,1.313485114,0.634851138,3.600654664,Group 2,0.19368156022392213
"San Augustine County, Texas",Texas,182.2,28,369.6,53,8473,47.8,32826,23.9,2.93,44.3,16.3,25.6,74.58309373,22.23116734,0.034502588,5.389980977,Group 1,0.26378055941313505
"Newton County, Arkansas",Arkansas,203.6,24,397.4,48,7913,47.7,35895,20.1,0.0242,56.7,4.4,27.8,95.36761053,0,0.459513164,3.53569046,Group 2,0.2149258810095489
"Trinity County, Texas",Texas,190.7,46,500.3,113,14402,47.7,36645,19.9,2.69,49.1,9.9,23,87.36549809,10.26032628,0.201318986,2.844950213,Group 3,0.3337526614777744
"Jefferson County, Montana",Montana,185.5,25,445.4,65,11645,47.7,61575,10.4,2.51,59.5,6.6,11.8,95.03564597,0.147800383,0.234741784,4.111531191,Group 1,0.313330571167171
"Colfax County, New Mexico",New Mexico,139.9,30,377.4,76,12414,47.6,37156,20.5,2.26,48.3,9.5,26.1,85.49665307,0.415480495,1.123336155,5.741042345,Group 1,0.0035995650105178356
"Webster County, Nebraska",Nebraska,162.7,12,495.5,31,3625,47.5,40979,12.7,2.31,57.2,4.7,17.7,95.53692183,0.054097917,1.379496889,3.524229075,Group 1,0.34298750339075923
"Menominee County, Michigan",Michigan,185,70,310.1,108,23548,47.5,42191,14.5,2.19,52.9,8.5,20.1,94.72108614,0.265632247,0.202386474,5.558035714,Group 2,0.03851973311975598
"Georgetown County, South Carolina",South Carolina,190.9,173,484.6,431,61298,47.5,44283,19.6,2.55,50.1,11.2,21.4,64.0163772,32.67021066,0.4094301,5.073731567,Group 3,0.21555979386903346
"Talbot County, Georgia",Georgia,210.3,19,443.8,41,6337,47.5,33370,23.8,2.43,42.7,10.6,18.5,41.43297381,57.53466872,0.184899846,4.686258936,Group 1,0.29205783968791366
"De Baca County, New Mexico",New Mexico,243.6,8,467.1,14,1828,47.3,33789,20.6,3.84,27.6,5.2,30.4,80.04950495,0,0.148514851,0,Group 1,0.14656432950869203
"Shoshone County, Idaho",Idaho,225.1,44,497.6,95,12432,47.1,36577,18.9,2.16,55,11.8,18.9,95.28279373,0.318192666,0.572746798,8.244897959,Group 3,0.1857548994012177
"Dixie County, Florida",Florida,195.9,48,436.6,103,16203,46.9,32121,27.1,2.41,45.8,7.2,28.7,88.10515195,8.799950283,0.745758499,5.828779599,Group 3,0.16905176942236722
"Faulk County, South Dakota",South Dakota,146.6,6,432,17,2337,46.9,46633,13.2,2.16,52.4,0.7,10.4,97.15981348,0,0.127172531,15.65656566,Group 3,0.29637752496637404
"Deer Lodge County, Montana",Montana,196.9,29,426.1,57,9139,46.8,38178,17.1,2.13,49.9,3.9,18.4,93.33405711,1.031375529,0.521116057,5.317324185,Group 3,0.0726233294699341
"Gosper County, Nebraska",Nebraska,187.4,6,445.3,14,1973,46.7,55319,9.1,2.46,64.9,5.1,10.7,97.01417004,0,0,1.38121547,Group 2,0.2904137992300093
"Faribault County, Minnesota",Minnesota,158.9,40,453.5494221,1962.667684,14050,46.7,48163,13.5,2.18,57.4,4.2,18.6,97.65987351,0.358397751,0.414617006,3.50678733,Group 3,0.0242312322370708
"Otter Tail County, Minnesota",Minnesota,156.9,148,453.5494221,1962.667684,57716,46.7,51510,11.2,2.34,60.2,4.4,16.7,95.8964372,1.225852446,0.605101633,7.511606314,Group 2,0.07828808086924255
"Park County, Montana",Montana,140.9,31,459.2,98,15972,46.6,42942,14.7,2.28,52.2,5.4,14.2,96.27578304,0.547491724,0.08912656,3.270009343,Group 2,0.25330781168304384
"Reynolds County, Missouri",Missouri,181.8,18,394.3,38,6432,46.6,31820,21.5,2.4,55.6,11.1,25.9,96.18425053,1.429005777,0.045606567,6.022187005,Group 1,0.11853163782507181
"Ashe County, North Carolina",North Carolina,169.3,71,464.7,186,27020,46.6,36488,20.9,2.27,59.2,8.5,19.6,94.18381648,0.685992476,0.309803054,4.603914259,Group 3,0.34588461462408304
"Pope County, Minnesota",Minnesota,154.5,28,453.5494221,1962.667684,11041,46.5,51343,10.4,2.23,63,4.1,15.5,97.52466204,0.548045305,0.356229448,8.178625188,Group 2,0.07566227880306542
"Carteret County, North Carolina",North Carolina,191.5,190,501.8,483,68879,46.4,48824,14.7,2.27,53.4,10.2,17,88.87553497,6.424048778,1.229700416,4.194102491,Group 3,0.00162984780035913
"Fremont County, Iowa",Iowa,181.2,20,487.2,51,6906,46.4,54154,11.7,2.36,59.4,3.7,18.3,96.81958908,0.295524909,0,6.004618938,Group 1,0.23536386038176715
"Hancock County, Illinois",Illinois,170,50,468.6,128,18543,46.2,48767,11.6,2.35,58.8,6.8,22.5,97.72654499,0.565695378,0.357562173,5.844875346,Group 1,0.2446504223626107
"Morgan County, West Virginia",West Virginia,209.7,52,425.4,105,17524,46.1,44446,13,2.36,47.7,12.3,17.3,97.35622318,0.772532189,0.417739628,4.090035685,Group 3,0.08475196524523199
"Saguache County, Colorado",Colorado,145.4,10,337.1,24,6251,46.1,31227,29.9,2.39,52.1,9.7,32.4,87.6563001,0.368707919,1.122154537,7.037358818,Group 1,0.26030518068000674
"Bosque County, Texas",Texas,190.7,55,393.2,107,17891,46,44397,15,2.52,57.8,7.9,16.9,94.16838239,1.496856046,0.445161649,3.008595989,Group 2,0.2927289819344878
"Litchfield County, Connecticut",Connecticut,151.2,389,480.9,1190,183603,46,73413,7.7,2.46,53.8,7.1,15.5,93.51382686,1.517412401,1.808871522,3.812301967,Group 3,0.09494311921298504
"Dukes County, Massachusetts",Massachusetts,160,37,497.3,113,17299,45.9,61259,9,2.79,47.2,5.2,19.9,92.60910371,3.320037541,0.786015955,3.227665706,Group 1,0.07164482469670475
"Harrison County, Ohio",Ohio,201.4,47,445.5,97,15450,45.9,42582,16.9,2.45,57.8,5.6,19.3,95.83573211,2.09812576,0.134331222,7.156549521,Group 1,0.3064620040822774
"Stark County, Illinois",Illinois,160.4,16,482.6,41,5788,45.9,50219,11.9,2.41,57,7.7,15.5,97.61051374,0.750981396,0.563236047,4.589585172,Group 3,0.17816568701528013
"Guthrie County, Iowa",Iowa,168.5,29,437.9,70,10676,45.9,49507,12.4,2.34,59.6,5.4,15.6,97.71880819,0.754189944,0.148975791,4.965920156,Group 1,0.09069763030856848
"Delaware County, Oklahoma",Oklahoma,182.4,112,408.4,241,41459,45.8,36424,18.8,2.47,55,9.2,23.5,66.20782922,0.304281678,1.144678693,4.550418639,Group 3,0.27499061450362206
"Potter County, Pennsylvania",Pennsylvania,191.9,52,456.5,114,17093,45.8,40323,14.3,2.57,52.1,6.9,18.5,97.75565403,0.575473327,0.345283996,6.77146312,Group 1,0.11455843690782785
"Inyo County, California",California,138.1,40,408.4,111,18260,45.7,49267,14,2.23,46.8,6.8,18.5,82.73009307,1.066782779,1.328035705,4.535082715,Group 1,0.13834529230371118
"Sheridan County, Kansas",Kansas,143.1,7,453.5494221,1962.667684,2512,45.7,52300,10.9,2.21,64.1,1.2,16.1,97.90596602,0.07902015,0,7.382550336,Group 2,0.07170904683880508
"Clay County, Texas",Texas,167.3,25,421.4,61,10360,45.7,50993,13.5,2.51,59.7,6.8,16.3,94.81820784,0.715717149,0.391258708,4.377431907,Group 1,0.3192340536043048
"Gasconade County, Missouri",Missouri,180.8,43,481,105,14858,45.6,44065,13.5,2.35,56.6,6.1,17.9,97.75220765,0.44153064,0.287663902,6.720977597,Group 1,0.1300355503335595
"Jefferson County, Nebraska",Nebraska,201.3,27,379.5,46,7263,45.5,44947,11.5,2.18,58.4,4,16.2,97.1747612,0.013453518,0.242163326,5.139186296,Group 2,0.26846469030715525
"Rutland County, Vermont",Vermont,178.8,150,476,393,59736,45.5,44888,13.5,2.29,49.4,6.6,24.2,96.93375186,0.632744094,0.731868495,4.093296262,Group 3,0.21343234740197659
"Haines Borough, Alaska",Alaska,126.3,4,413.3,13,2534,45.5,67260,9.8,2.12,55.3,3,9.3,80.546875,0.0390625,3.0078125,5.37428023,Group 2,0.10916831251233816
"Mason County, Washington",Washington,176,152,505.4,428,61023,45.4,52313,15.6,2.58,50.4,12.9,20.2,84.88263065,1.653205244,1.53805662,4.964476021,Group 2,0.21543570351786911
"Scott County, Virginia",Virginia,196.1,69,330.8,110,22126,45.4,36290,20.8,2.34,57.6,9.4,20.7,98.08152415,0.757642889,0.26583961,2.248441674,Group 1,0.1252774077001959
"Southampton County, Virginia",Virginia,181.8,43,405.7,97,18109,45.4,46521,15.3,2.53,48.3,7.2,16.7,60.91797936,35.92069527,0.10320478,5.455508475,Group 2,0.2763313197065145
"Venango County, Pennsylvania",Pennsylvania,199.4,160,487.7,369,53119,45.4,43810,16.2,2.38,53.5,8.1,20.3,96.82039105,0.888583831,0.387711943,5.128205128,Group 3,0.2755923611111939
"Martin County, Minnesota",Minnesota,162.5,58,453.5494221,1962.667684,20022,45.4,52042,12.2,2.26,54.9,3.5,17.2,97.57739558,0.348894349,0.540540541,7.700101317,Group 2,0.31802036240696907
"Norman County, Minnesota",Minnesota,169.9,19,453.5494221,1962.667684,6678,45.4,51597,13.4,2.4,56.2,5.1,18.8,93.21578004,0.508069337,0.403466826,6.289308176,Group 1,0.07530438643880188
"Sargent County, North Dakota",North Dakota,188.2,11,579.7,31,3876,45.3,58467,7.3,2.22,60.9,1.2,5,96.07640681,1.084150749,0.567888487,6.284916201,Group 1,0.1321933032013476
"Halifax County, Virginia",Virginia,178.3,97,412.7,211,35125,45.3,39079,18,2.43,47.8,7.5,21.8,60.49400101,36.92615333,0.599898609,5.521048999,Group 3,0.19391278084367514
"Skamania County, Washington",Washington,188.3,26,398.9,55,11339,45.2,52673,12.6,2.49,54.4,8.3,20.5,93.41812683,0.844970204,0.978386552,4.805591962,Group 2,0.07812886079773307
"Ritchie County, West Virginia",West Virginia,214.7,32,502,72,9982,45.2,46383,17.7,2.56,49.5,10.6,24.3,98.234714,0.473372781,0,6.267539757,Group 1,0.20041160914115608
"Pulaski County, Virginia",Virginia,185.8,91,390.6,189,34332,45.2,46186,14.7,2.3,53.5,7.4,16.7,92.09047729,5.832947173,0.133225209,6.174957118,Group 2,0.2500719709787518
"Armstrong County, Texas",Texas,213.4,6,435.7,12,1947,45.1,55177,11,2.63,61.1,1.1,11.7,90.11837365,1.18373649,0,2.949061662,Group 1,0.1727038766257465
"Gallatin County, Illinois",Illinois,213.6,18,492.5,41,5265,45.1,41045,17.5,2.23,55.2,7.5,27.5,96.86165274,0.389972145,0.464252553,5.876865672,Group 3,0.12506922450847924
"Ida County, Iowa",Iowa,159.8,19,548.4,57,7028,45.1,53905,10.9,2.24,62.8,3.7,15.7,97.76552114,0.551548579,0.33941451,9.293394777,Group 1,0.3166342074982822
"Montgomery County, Iowa",Iowa,148.3,26,482.3,74,10234,45.1,42046,19.3,2.22,55.6,9.6,21.2,95.86239847,0,0.028666985,6.811862836,Group 3,0.16654963162727654
"Waldo County, Maine",Maine,180.1,93,484,250,39155,45,46598,15,2.26,53.7,7.5,21.5,96.89809113,0.500307882,0.631157635,4.975063861,Group 2,0.24124983767978847
"Marshall County, Kansas",Kansas,150.8,25,453.5494221,1962.667684,9936,45,47901,11.1,2.27,61.4,3,12.2,97.08145927,0.289855072,0.289855072,6.352683461,Group 2,0.014039233792573214
"Beaufort County, North Carolina",North Carolina,194,130,524.2,345,47651,44.9,40357,18.8,2.54,49.1,11.5,21.9,70.06581022,26.43762747,0.088307647,4.17432129,Group 1,0.056875879876315594
"Essex County, Virginia",Virginia,183.4,29,433.5,66,11130,44.8,48277,14.5,2.53,45.4,8.5,17.2,55.74387947,41.03667832,0,1.972920696,Group 2,0.27962624141946435
"Cumberland County, Kentucky",Kentucky,185.7,19,562.7,53,6759,44.8,29067,27.8,2.45,51.3,10.2,26.1,94.84354341,2.967533421,0.264433671,2.826379542,Group 3,0.3484929606784135
"Washington County, Virginia",Virginia,176.7,136,420.8,312,54591,44.7,43353,14.5,2.35,53.9,6.9,17.7,96.45720338,1.490166,0.555159882,5.091597145,Group 3,0.3160165415611118
"Gilpin County, Colorado",Colorado,129.8,7,400.2,22,5828,44.7,64752,7.9,2.14,54.5,4.9,11,92.14986619,0.517395183,0.142729706,3.787268332,Group 1,0.1641542932484299
"Cass County, Iowa",Iowa,218.8,49,470.8,97,13427,44.7,46159,13.1,2.18,57.4,3.2,21.8,97.52023547,0.419426049,0.38263429,9.298780488,Group 3,0.12357258447445929
"Pickens County, Georgia",Georgia,176.4,68,512.6,196,30309,44.7,51047,12.3,2.61,62.8,8.3,15.8,95.3463349,1.445864156,0.68930733,5.382482466,Group 3,0.005738433916121721
"Madison County, Virginia",Virginia,169.8,31,463.3,84,13134,44.6,52513,12.3,2.58,52.2,6.6,16.8,85.78382901,8.252833346,0,6.25698324,Group 3,0.1838092179968953
"Johnson County, Wyoming",Wyoming,147.8,19,412.7,49,8585,44.6,51434,9.7,2.34,54.1,3.6,12.2,97.36046512,0.046511628,0,6.819672131,Group 3,0.030673524364829063
"Johnson County, Tennessee",Tennessee,211.3,52,414.7,102,17830,44.5,31330,26.4,2.29,53.3,9,26.1,93.40067714,3.946272964,0.127657213,5.253623188,Group 1,0.12037791754119098
"Shannon County, Missouri",Missouri,210.7,24,381,42,8258,44.5,27382,28.2,2.5,54.6,9.2,24.1,95.64746904,0.276542022,0,7.147111376,Group 2,0.09427846712060273
"Chowan County, North Carolina",North Carolina,189,44,437.7,95,14394,44.5,38887,23.2,2.41,48.4,12.7,26.3,63.05267467,34.15665939,0.211517467,7.658119658,Group 2,0.12536136410199106
"Swift County, Minnesota",Minnesota,162.3,27,453.5494221,1962.667684,9340,44.5,51032,10.8,2.21,57.5,3.9,19.8,95.9160105,1.637795276,0.167979003,9.56284153,Group 3,0.3006320521235466
"Tyrrell County, North Carolina",North Carolina,222.3,13,431,24,4070,44.4,32773,28.3,2.45,42.5,14.1,23,59.89884393,30.39499037,2.817919075,7.088989442,Group 3,0.12992118811234832
"Cambria County, Pennsylvania",Pennsylvania,168.5,366,488.3,979,136411,44.4,42703,15.3,2.28,48.5,8.5,17.6,93.8492334,3.407207582,0.495763411,4.763561711,Group 1,0.2149342813063413
"Oconee County, South Carolina",South Carolina,172.9,182,476.6,493,75713,44.3,39548,17.5,2.43,53.8,10.4,18.7,88.21465263,7.498432267,0.645772459,6.598098195,Group 1,0.2747271715197712
"McCulloch County, Texas",Texas,186.9,24,430.6,51,8341,44.2,39649,18.9,2.59,55.8,4.3,22.3,88.891575,1.643901849,0,3.525835866,Group 1,0.2916778293438256
"Ellsworth County, Kansas",Kansas,149.6,15,453.5494221,1962.667684,6343,44.2,46961,12.4,2.08,51,4.3,13.2,90.28081123,3.83775351,0.327613105,7.773512476,Group 1,0.12718716263771057
"York County, Maine",Maine,173.7,451,497.7,1246,201169,44.1,55482,11.2,2.4,52.6,5.9,15.7,96.10180187,0.684087699,1.127793191,5.050755137,Group 3,0.33169892826117575
"Henry County, Missouri",Missouri,222.5,74,483.4,152,21737,44.1,39232,18.3,2.29,55.6,7.4,19.8,96.1423255,1.720068984,0.158845421,5.062186341,Group 2,0.16301417141221464
"Mercer County, Missouri",Missouri,180.7,11,405.5,22,3694,44.1,38023,15,2.43,54.2,4.6,16.5,97.17590102,0.72619688,0.591715976,4.787961696,Group 3,0.1863415976986289
"Island County, Washington",Washington,143.5,165,462,505,80593,44,59358,10.3,2.33,59.1,9,14.1,85.0470824,2.945959233,4.641429994,6.113924051,Group 2,0.2792767337523401
"Hancock County, Iowa",Iowa,171.3,30,492.1,78,10974,44,57682,8.4,2.33,60.3,1.5,13.9,97.08799135,0.64911648,0.306527227,6.274509804,Group 2,0.21392874466255307
"Eureka County, Nevada",Nevada,178.7,4,453.5494221,1962.667684,2016,43.9,70535,9.8,2.17,64.7,4.7,2.6,95.80587178,0.119832235,0,2.412868633,Group 1,0.1988468214403838
"Cherry County, Nebraska",Nebraska,148.7,14,395.1,33,5848,43.9,43564,13.3,2.14,68,2.6,12.9,91.55979203,0.034662045,0.27729636,4.047619048,Group 1,0.09845062624663115
"Clatsop County, Oregon",Oregon,180.2,93,465.6,231,37831,43.9,45132,15.4,2.32,51.3,7.6,19.4,90.60510406,0.7650741,0.944304746,5.997663248,Group 3,0.18463148782029748
"Morgan County, Ohio",Ohio,187.9,39,438.4,89,14777,43.9,37923,18.1,2.41,58.4,9.3,24,93.20726883,3.540535104,0.127405619,5.657937278,Group 2,0.18742554285563529
"White County, Georgia",Georgia,144.6,54,469,169,28319,43.9,42126,16.9,2.42,62.7,6.8,17.9,94.2859199,2.727501709,0.302256126,3.822835972,Group 3,0.042495579458773136
"Winston County, Alabama",Alabama,203.4,67,454.6,148,23877,43.9,35528,20.1,2.53,52.7,9.6,22.8,96.17488603,0.505594695,0.178201409,5.871779509,Group 3,0.04214240191504359
"Russell County, Virginia",Virginia,212,81,365.4,137,27891,43.8,37378,17.9,2.51,54,8,23.5,97.21720659,1.037351744,0.145158435,3.255738239,Group 1,0.1459195390343666
"Harrison County, Iowa",Iowa,178.1,38,477.6,95,14265,43.8,52824,11,2.37,55.9,3.6,17.6,97.63599917,0.055298265,0.269579042,4.095334005,Group 2,0.3042044476605952
"Louisa County, Virginia",Virginia,191,77,456.9,183,34602,43.7,60121,11.5,2.64,55.1,8.1,14.3,78.38815983,16.67451303,0.517860295,5.015546843,Group 2,0.25907253893092275
"Massac County, Illinois",Illinois,169.8,37,479.3,100,14766,43.7,40590,20.7,2.45,50.5,8.8,25.7,90.84310069,6.006925946,0.419552477,4.987212276,Group 1,0.33330372953787446
"Humboldt County, Iowa",Iowa,129.4,21,408.5,60,9555,43.7,49696,10.1,2.28,58.1,4.8,16,97.96361381,0.134380815,0.237750672,5.386289445,Group 1,0.2364493478089571
"Rockingham County, North Carolina",North Carolina,194.3,237,520.3,622,91758,43.6,39606,19.4,2.42,49.1,10.5,22.8,75.51029252,18.40628386,0.490790899,5.072603135,Group 2,0.03317737393081188
"Grainger County, Tennessee",Tennessee,211,60,496,143,22846,43.6,35704,21.9,2.52,57.9,9.5,23.8,97.29943702,0.831280788,0.233110486,3.497356649,Group 1,0.09949901117943227
"Kane County, Utah",Utah,129,14,398.9,39,7131,43.6,48456,11.8,2.55,55.9,7,13.5,93.77950569,0.180505415,0.124965287,4.954367666,Group 1,0.05527338199317455
"Amherst County, Virginia",Virginia,183.9,81,427.4,181,31914,43.6,43998,13.7,0.0248,50.1,6.6,18,76.83526191,18.39305711,0.749657833,5.278870946,Group 3,0.2787491052877158
"Baraga County, Michigan",Michigan,182.5,22,395.4,47,8575,43.6,41624,15.8,2.14,41.1,8.1,17.3,73.77445339,18.49252014,0.575373993,4.516129032,Group 1,0.2861467725597322
"Park County, Wyoming",Wyoming,152,61,411.3,158,29228,43.6,55354,10.8,2.38,56.3,3.8,13.1,94.78005865,0.814214249,0.600310505,5.701401192,Group 3,0.008875706698745489
"Comanche County, Texas",Texas,197.7,42,432.1,86,13430,43.6,38280,19.7,2.62,55.8,4.5,17.9,95.97739118,0.418410042,0.330323717,9.379671151,Group 1,0.021375413984060287
"Floyd County, Iowa",Iowa,165.4,41,494,113,15960,43.6,48292,12.7,2.28,55.4,3.5,19.9,94.7165109,2.024922118,0.753894081,6.749226006,Group 1,0.18677647761069238
"Rockingham County, New Hampshire",New Hampshire,172.2,570,518.8,1758,301777,43.5,79653,6.1,2.51,56.8,5.6,9,95.2281894,0.748145522,1.856484485,4.370734571,Group 2,0.098896179581061
"Los Alamos County, New Mexico",New Mexico,114.5,27,406.2,94,17785,43.5,108477,4.2,2.34,65.5,3.5,4.2,86.70494453,0.484976866,6.69491053,5.543652919,Group 1,0.10135514126159251
"Queen Anne's County, Maryland",Maryland,173.8,100,429.6,254,48904,43.5,80650,7.5,2.75,57.4,5.3,13.5,89.60699588,7.407407407,0.87037037,5.627462015,Group 3,0.16952131618745625
"Jefferson County, Kansas",Kansas,173,42,453.5494221,1962.667684,18930,43.5,56927,9.4,2.47,61.7,6.9,11.9,95.68737433,0.476240872,0.021166261,5.155718398,Group 2,0.13347057136707008
"Kent County, Rhode Island",Rhode Island,184.1,410,491.8,1034,164801,43.5,61923,9.3,2.38,49.7,8.2,12.6,92.54476897,1.399144025,2.407279429,5.275186191,Group 2,0.09735589125193655
"Crow Wing County, Minnesota",Minnesota,176.7,160,453.5494221,1962.667684,63428,43.5,50162,10.9,2.36,56.3,5.7,20.1,96.52962822,0.639195534,0.502791524,6.153360682,Group 3,0.24361172644421458
"Nicholas County, West Virginia",West Virginia,199.8,72,455.5,160,25594,43.4,36375,19.6,2.39,57.9,8.4,23.5,99.32896259,0.034708831,0.208252989,3.346456693,Group 1,0.19891807832755148
"Dent County, Missouri",Missouri,200.1,45,424.4,90,15593,43.4,34411,21.6,2.6,51.8,9.2,25.3,96.47066359,0.397130413,0.614911606,6.869058571,Group 2,0.33063202374614775
"Haskell County, Texas",Texas,172.4,16,387.4,34,5737,43.4,35607,25.1,2.2,52.7,6.9,23.9,88.26242952,3.263283786,0.973859559,4.519119351,Group 3,0.296637017512694
"Metcalfe County, Kentucky",Kentucky,218,28,492.1,63,9909,43.4,30460,25.2,2.51,58.4,7.4,26.8,95.13269905,1.281922884,0.330495744,11.46987952,Group 1,0.30875010462477803
"Clay County, West Virginia",West Virginia,212.9,26,591,70,8910,43.3,32961,25.1,2.62,55.8,12.3,32.5,98.04178974,0,0,8.753056235,Group 3,0.17660411237739027
"Mahoning County, Ohio",Ohio,190.7,661,463.1,1511,231900,43.3,41316,18.9,2.32,45.1,9.5,24.3,80.24642933,15.5024515,0.793860584,4.348522463,Group 1,0.2092556282877922
"Forest County, Pennsylvania",Pennsylvania,206.5,22,462.1,49,7410,43.3,37794,21.9,1.86,33.3,4.8,18.9,66.03350481,27.31829574,0.68592534,1.652892562,Group 3,0.08492217445746064
"Wadena County, Minnesota",Minnesota,187.9,41,453.5494221,1962.667684,13875,43.3,41909,15.8,2.35,52.2,5.2,25.1,96.39508685,0.952104077,0.581437604,5.574778931,Group 3,0.11717973719350994
"Mineral County, West Virginia",West Virginia,198.4,76,456.6,170,27451,43.2,40012,16.1,2.4,44.2,8.8,23.3,94.81534859,3.145379211,0.299045217,7.391231312,Group 2,0.08345009153708816
"Randolph County, West Virginia",West Virginia,168.6,68,405.2,161,29126,43.2,37468,20.8,2.35,52.2,6.7,23.4,96.90447812,1.924059254,0.17708156,4.231027535,Group 2,0.25584622216410935
"Dickey County, North Dakota",North Dakota,126,12,320.2,26,5104,43.2,51817,11.7,2.3,60.8,1.5,8,96.36188643,1.482194418,0.346487007,12.01143947,Group 2,0.21870958153158426
"Clay County, Nebraska",Nebraska,148.9,14,506.7,44,6309,43.2,55758,11.3,0.024,61.2,2.8,15.8,96.77217173,0.454403008,0.376057662,8.012820513,Group 2,0.3280213223770261
"Morgan County, Georgia",Georgia,172.3,39,471.5,106,18046,43.2,50295,15,2.76,53.8,6.9,17,73.8603352,23.17877095,0.441340782,3.7027833,Group 2,0.24244742561131716
"Jones County, Iowa",Iowa,154,46,445.7,123,20466,43.2,51558,11.6,2.34,57,5,14.6,95.61284047,1.916342412,0.408560311,5.726980992,Group 2,0.07100020069628954
"Winnebago County, Iowa",Iowa,163.3,27,446.6,67,10609,43.2,50703,10.4,2.2,59.9,6.2,11.1,95.798002640000007,0.923308837,1.083474656,10.56949807,Group 3,0.027260007802397013
"Marion County, Tennessee",Tennessee,220.2,80,521.2,187,28487,43.1,40766,20.6,2.43,53.9,6.7,20.9,93.53847241,1.519112556,0.374478909,2.19816273,Group 1,0.14682242227718234
"Iron County, Missouri",Missouri,216.3,30,529.5,74,10125,43.1,33091,22.1,2.46,50.8,11.4,24.9,95.04940903,2.606084092,0,3.896713615,Group 2,0.2005477650091052
"Fayette County, Iowa",Iowa,151.3,50,467.8,138,20257,43.1,45522,14.4,2.31,52.7,5.1,20.1,96.119287,1.083102628,0.762543106,7.378451014,Group 3,0.2644707534927875
"Newton County, Indiana",Indiana,194.1,36,427.8,76,14008,43,51285,11.5,2.56,53,8.9,17.4,97.02639254,0.277441844,0.433947499,5.900305188,Group 3,0.14214635454118252
"Owsley County, Kentucky",Kentucky,263.1,16,493.7,31,4461,43,23047,45.1,2.56,52.7,8.8,41.4,96.07885615,1.083188908,0.888214905,4.527559055,Group 1,0.19904068484902382
"Hamilton County, Nebraska",Nebraska,155.8,20,411.9,48,9190,42.9,62191,6.9,2.45,62.7,2.5,15,96.62637363,0.538461538,0.21978022,3.387978142,Group 1,0.13375456840731204
"Montour County, Pennsylvania",Pennsylvania,152.6,41,490.8,124,18557,42.9,54547,11.2,0.0241,49.9,6.6,13.7,94.35379295,1.680354441,2.901448022,3.59080341,Group 2,0.013047067448496819
"Burke County, North Carolina",North Carolina,188,222,493,560,88842,42.9,39275,20.5,2.53,48.1,11.6,23.6,84.81149774,5.928663957,3.634922053,4.608459925,Group 2,0.30230380687862635
"Lee County, Iowa",Iowa,181.3,92,509.2,241,35089,42.9,44719,17.7,2.4,49.8,8.7,19.3,93.39534621,3.019593429,0.508920241,6.389732266,Group 2,0.17214087257161736
"Lee County, Virginia",Virginia,224.2,73,330.5,107,24742,42.8,31429,26.6,2.52,49.8,12,26.3,93.93398397,3.824486233,0.261842418,6.208251473,Group 1,0.20069277356378734
"Ballard County, Kentucky",Kentucky,191.3,22,460.2,51,8212,42.8,44732,16.8,2.48,54.8,6.2,23.7,94.36773256,3.379360465,0.593507752,6.105990783,Group 1,0.2412119093351066
"Linn County, Missouri",Missouri,197.9,37,497.9,86,12308,42.8,37597,20,2.53,53.3,4.5,15.5,95.97613096,0.556406741,0.24997984,5.692675159,Group 2,0.16567103378474712
"Putnam County, New York",New York,157.1,170,511.8,570,99042,42.8,94334,6.3,2.84,57.4,6.8,8.8,90.12443712,2.296759408,2.329929238,4.066933111,Group 3,0.23717651260085404
"Treutlen County, Georgia",Georgia,193.7,15,404.5,31,6785,42.8,32536,27.1,2.38,41.6,5.4,26.8,70.14196983,29.11860396,0,1.448321264,Group 2,0.158191145863384
"Tallapoosa County, Alabama",Alabama,200.5,111,454.4,248,40844,42.8,36779,21.3,2.48,50.2,9,23.5,70.29378174,27.71122397,0.036449348,5.462418119,Group 2,0.19048184296116233
"Orange County, Virginia",Virginia,177.3,82,503.5,225,35385,42.6,59282,10.7,2.66,54.7,7.9,15.7,82.58469187,12.74135738,0.994334605,2.100668394,Group 2,0.3320010653696954
"Grundy County, Tennessee",Tennessee,218.9,40,460.3,82,13441,42.6,28086,26.1,2.55,48.4,10.2,33.2,81.92842354,0.236616386,0.229222124,5.094207955,Group 2,0.08716952474787831
"Bay County, Michigan",Michigan,182.3,262,448.2,616,105659,42.6,46061,16.8,2.42,49.6,9.7,18.7,94.49380494,1.353352453,0.588577105,5.244463933,Group 3,0.321494460105896
"Hocking County, Ohio",Ohio,205.9,75,460.6,167,28491,42.6,42374,17.5,2.48,54.7,9.5,21.6,97.42339351,0.819672131,0.335477623,5.314639713,Group 1,0.21278356108814478
"Currituck County, North Carolina",North Carolina,199,51,400.5,107,25263,42.6,58024,11.2,2.62,60.7,6.6,10.4,90.27845827,6.197942185,0.449126245,3.284671533,Group 1,0.09613245469518006
"Mercer County, Kentucky",Kentucky,206.3,57,536.1,143,21407,42.6,43945,17.6,0.024,56.4,11.5,20.6,92.84977978,3.767219567,0.473245244,5.675616678,Group 2,0.25212463131174445
"Washington County, Illinois",Illinois,162.6,33,510.8,98,14270,42.6,54683,10.2,2.46,54.6,5.5,18.1,97.12941827,0.740125891,0.366604413,6.077529566,Group 3,0.15876985318027437
"Breckinridge County, Kentucky",Kentucky,199.5,51,490,126,20018,42.5,41547,19.2,2.71,56,11.5,21.1,95.55854643,2.322915109,0.119635113,7.765151515,Group 2,0.21852194983512163
"Klamath County, Oregon",Oregon,177.9,159,438,383,66016,42.5,39234,21.9,2.39,51.4,12.4,24.4,88.49966653,0.892803007,1.156551264,6.075036075,Group 3,0.0899513210169971
"Huntingdon County, Pennsylvania",Pennsylvania,172.7,105,423.7,248,45668,42.5,44531,15.1,2.36,51.4,8.1,17.9,92.1491744,5.284712238,0.457456542,6.823375775,Group 2,0.10806341469287872
"Edmonson County, Kentucky",Kentucky,202.5,32,490.6,76,12007,42.5,38544,19.9,2.51,56.6,8.9,22.7,97.24080958,1.470466749,0.132176786,2.563121653,Group 2,0.1587763004936278
"Greene County, Alabama",Alabama,154.5,19,495.8,58,8479,42.4,26504,33.2,2.7,30.9,20.4,32.2,17.7877429,80.6599977,0.160975049,7.343412527,Group 3,0.22095229825936258
"Walker County, Alabama",Alabama,231.3,199,495,429,65294,42.4,37245,23.5,2.54,51,11.4,19.9,91.11690912,5.765817696,0.373162629,5.931679153,Group 1,0.14155545039102435
"Richland County, Illinois",Illinois,179.3,42,505.5,113,16029,42.4,43396,14.6,2.43,52.5,5.4,19.9,97.35846717,0.434054691,0.372046878,4.929577465,Group 1,0.12934850482270122
"Saline County, Illinois",Illinois,192.1,67,500.1,167,24548,42.4,38329,21,2.43,49,13,30.4,93.13642416,3.675906872,0.629463745,6.192236599,Group 1,0.042763670440763235
"Hamilton County, Iowa",Iowa,153.2,36,449.8,94,15190,42.4,53691,9.4,2.36,59.2,3.8,16.4,93.65235013,0.666797411,2.235732497,2.258064516,Group 2,0.0012657977640628815
"Jefferson County, Tennessee",Tennessee,185.3,124,484,310,53240,42.3,41235,17.8,2.58,53.4,9.1,21.1,94.76281196,2.560487712,0.226709849,4.075765263,Group 2,0.2978905588388443
"Caldwell County, Missouri",Missouri,199.3,26,508.2,62,9014,42.3,43111,16.2,2.39,58.6,5.2,16.6,96.62005945,0.759660905,0.253220302,7.368995633,Group 3,0.08000332908704877
"Claiborne Parish, Louisiana",Louisiana,177.8,38,473.5,102,16295,42.2,35385,28.2,2.51,37,13.5,27.2,46.52923854,50.16527436,0.030049883,8.809020437,Group 2,0.3477123042102903
"Mendocino County, California",California,167.5,197,452.2,513,87649,42.2,42840,18.8,2.51,45.1,12.2,31.5,82.82920589,0.668235402,1.938453806,5.383139601,Group 2,0.2721503768116236
"Logan County, Kansas",Kansas,129.1,6,453.5494221,1962.667684,2825,42.2,49852,9.7,2.21,59.7,3.9,10.7,95.41711421,0,0.179018976,7.558139535,Group 1,0.01363832619972527
"Geneva County, Alabama",Alabama,200.3,74,488,176,26777,42.2,34425,23.9,2.47,52.3,11.2,24.4,86.50009323,8.901734104,1.226925228,5.630397237,Group 2,0.33628521487116814
"Fulton County, Illinois",Illinois,193.1,100,506.5,250,35699,42.2,44435,16.5,2.37,49.9,7.9,18.9,94.50761226,3.551468766,0.261542273,5.418650238,Group 1,0.07047732244245708
"Jasper County, Iowa",Iowa,181.7,91,466.2,221,36827,42.2,52750,11.2,2.41,54,5.4,14.8,96.16620378,1.475793716,0.57452486,6.996052811,Group 2,0.27968176640570164
"Wabaunsee County, Kansas",Kansas,150.3,14,453.5494221,1962.667684,6951,42.1,59160,9.6,2.59,61.2,6.2,9.3,96.39845648,0.22866943,0.242961269,4.111600587,Group 1,0.22706669522449374
"Casey County, Kentucky",Kentucky,254.3,52,501.8,103,15808,42.1,29344,30.6,2.44,58.7,9,28.9,97.19192679,0.796038611,0.250720822,5.148741419,Group 2,0.11987341195344925
"Franklin County, Florida",Florida,216.2,34,412,66,11761,42.1,36788,25.3,2.24,49.8,9.4,20.9,81.99174407,14.55108359,0.756793946,4.934210526,Group 1,0.21107817185111344
"Flathead County, Montana",Montana,150.6,171,516.8,570,96165,42.1,47351,13.6,2.48,56.3,7,15.5,94.93641049,0.307501098,0.515358983,6.812139453,Group 1,0.05746160470880568
"Harrison County, West Virginia",West Virginia,206.7,192,506.6,449,68714,42,42121,13.9,2.48,52.4,7.4,21.3,95.67378765,1.820342619,0.526102206,5.060383303,Group 1,0.0036836995277553797
"Columbia County, Wisconsin",Wisconsin,176.6,123,476.1,323,56743,42,59020,8.8,2.44,54.9,5.8,12.9,95.67367993,1.513947038,0.531736358,4.654466449,Group 3,0.14451618446037173
"Hillsdale County, Michigan",Michigan,187.5,111,396.3,230,45941,42,44780,16.6,2.5,54,9,18.9,97.14582702,0.634501278,0.324830006,6.309693152,Group 2,0.3484052086714655
"Wyandot County, Ohio",Ohio,190.6,57,461.7,129,22243,42,47905,10,2.38,55.9,6.6,12.4,98.63355143,0.191391819,0.146882094,4.962066844,Group 2,0.305184172000736
"Stoddard County, Missouri",Missouri,206.6,85,439.5,175,29862,42,38329,19,2.43,53.7,9.1,21.4,97.20481282,1.49478835,0.036866977,7.254779066,Group 2,0.14378662430681288
"Steuben County, New York",New York,178.7,230,467.1,581,97631,42,46849,16.6,2.36,50.5,8.2,20.7,94.97896924,1.56691836,1.529417727,6.856742229,Group 1,0.2946969987824559
"Boone County, West Virginia",West Virginia,236.7,70,501.8,152,23372,41.9,37625,22.1,2.5,55.2,9.2,25.4,98.3125,0.675,0.091666667,4.220287661,Group 1,0.32546852668747306
"Grafton County, New Hampshire",New Hampshire,155,178,435.5,487,89320,41.9,56353,11.6,2.35,48.5,5,14,93.24050548,0.871940095,3.210172261,6.078496198,Group 1,0.30879864003509283
"Bates County, Missouri",Missouri,211.1,50,454.5,100,16446,41.9,41462,18.4,2.44,54.4,6.6,17.1,95.46355825,0.51072523,0.048068257,4.212348529,Group 2,0.2812769233714789
"Deschutes County, Oregon",Oregon,154.3,305,485.2,929,175268,41.9,52387,13.2,2.49,54.6,9.4,19.1,93.2775984,0.453721597,1.212925064,4.744289032,Group 1,0.19863661122508347
"Upshur County, West Virginia",West Virginia,189.5,60,453.7,142,24758,41.8,38387,19.7,2.57,51.5,8,23.3,97.41449511,1.099348534,0.23615635200000001,5.300938708,Group 2,0.13691606372594833
"Nevada County, Arkansas",Arkansas,210.7,25,407.9,48,8558,41.8,30935,25.1,2.48,52.5,9.5,29.8,67.18981008,30.76310702,1.285113158,5.091311566,Group 2,0.25735412165522575
"Ashtabula County, Ohio",Ohio,203.2,263,498.3,625,98632,41.8,39757,21.5,2.48,48.2,8.9,22.6,93.25596079,3.406596711,0.472052677,6.447299298,Group 1,0.18611109862104058
"Wolfe County, Kentucky",Kentucky,259.5,23,570.6,50,7259,41.8,25768,36.2,2.45,49.7,9.7,40.2,98.81559014,0.3580774,0,5.395462906,Group 1,0.21559089003130794
"Mingo County, West Virginia",West Virginia,240.8,76,507,163,25292,41.7,29839,28.1,2.38,55.6,14.1,31.3,96.08962246,1.415294435,0.408777139,2.796024928,Group 2,0.31287227268330753
"Montgomery County, Mississippi",Mississippi,194.5,28,473.8,67,10152,41.7,31963,24.7,0.0243,48.2,8.5,28.3,53.5454893,45.04013761,0.181574924,7.049608355,Group 3,0.22334906226024032
"Harrison County, Indiana",Indiana,183.5,84,438.5,200,39578,41.7,56787,10,2.67,52.3,7.9,13.6,97.46622483,0.828447617,0.36961509,3.198968831,Group 2,0.14610214321874082
"Owen County, Kentucky",Kentucky,159.8,21,514.8,67,10730,41.7,43626,17.4,2.59,54.5,8.6,21.4,96.12547848,1.587153394,0.093361964,5.220713073,Group 2,0.2770150126889348
"Anderson County, Kansas",Kansas,174.8,22,453.5494221,1962.667684,7808,41.7,45368,14.3,2.37,59.5,5.9,16.9,95.14944276,0.113981763,0,8.419023136,Group 3,0.19711128482595086
"Smith County, Tennessee",Tennessee,225.1,48,486.5,106,19295,41.6,43659,15,2.53,59.1,5.2,22.4,95.5215301,2.257525084,0.151546823,3.646563815,Group 1,0.04767525615170598
"Ripley County, Missouri",Missouri,236,46,455,87,13802,41.6,30019,25.1,2.57,55.1,10.1,28.6,96.44031451,0.235882773,0.057183703,7.130554599,Group 3,0.13948546815663576
"Texas County, Missouri",Missouri,161.3,58,385.3,134,25690,41.6,33755,21.5,2.67,48.4,8.1,27.3,92.99397707,1.75636293,0.085486691,4.813502813,Group 2,0.3156647449359298
"Otsego County, New York",New York,173.8,143,478.7,378,60636,41.6,43104,18.9,2.36,46.1,7.1,18.6,94.03084741,1.918598023,1.247577322,4.59877366,Group 2,0.07431007665582001
"LaSalle County, Illinois",Illinois,191.3,291,519.9,742,111333,41.6,51205,13.6,2.48,50.3,9.8,19.4,94.09570169,2.460494408,0.674193233,4.843425569,Group 1,0.026230521965771914
"Shiawassee County, Michigan",Michigan,184.9,157,505,421,68619,41.5,47882,15.3,2.49,54.9,10.3,16.3,96.79799748,0.458669136,0.432624832,5.135520685,Group 2,0.23535542166791856
"Allegany County, Maryland",Maryland,172.2,183,519.3,517,72528,41.5,39808,18.5,2.33,44.2,10,22.9,88.59399856,8.0191437,0.864729636,4.613602728,Group 1,0.12780292052775621
"Taney County, Missouri",Missouri,173.6,121,432.8,294,54592,41.5,35731,18.7,2.43,50.7,9,20.3,93.12482495,0.825319765,0.935486883,5.505782701,Group 2,0.28240912361070514
"Columbus County, North Carolina",North Carolina,193.6,139,417.5,298,56694,41.5,34321,24.3,2.47,45,9,25.9,61.72986196,30.44557051,0.325004368,5.168210629,Group 2,0.11535702715627849
"Davidson County, North Carolina",North Carolina,177.5,346,488.6,943,164622,41.5,43346,16.9,2.52,54,11,21,86.61109314,9.327686477,1.265660566,5.03246323,Group 2,0.24378918716683984
"Dawson County, Georgia",Georgia,179,45,473.3,124,23312,41.5,57491,11.8,2.74,57.1,8.5,15.4,94.98081418,0.555727076,0.50721122,6.774789571,Group 1,0.22270165313966572
"Carroll County, Indiana",Indiana,166.3,43,414.4,103,19856,41.5,55318,10.9,2.55,57.3,8.2,11.9,97.80653543,0.339762166,0.189867093,5.682622023,Group 2,0.0850561538245529
"Arkansas County, Arkansas",Arkansas,201.7,51,468.1,116,18433,41.4,36409,20.4,2.39,49.8,8.3,29.8,72.38268112,25.68469382,0.448454434,7.128810226,Group 1,0.024925359757617116
"Berrien County, Michigan",Michigan,179,370,479.8,945,154636,41.4,44145,17.7,2.46,50.1,9.4,20.7,78.08697329,15.02458779,1.84810208,5.359859567,Group 3,0.1757548141758889
"Nowata County, Oklahoma",Oklahoma,189.7,28,391.8,55,10539,41.4,39706,16.1,2.56,53.7,8.4,21.4,68.97205116,1.970630033,0.293699668,3.337783712,Group 1,0.2550433969590813
"Gentry County, Missouri",Missouri,172.8,19,439.7,42,6692,41.4,39444,15.4,2.38,59,6.3,19,97.45025792,1.061164333,0.427413412,6.582633053,Group 1,0.23715867474675179
"Benton County, Iowa",Iowa,163.2,54,445.9,141,25658,41.4,61931,8.8,2.51,61.8,4.7,11.8,97.76382591,0.701468821,0.213153509,6.183093392,Group 2,0.16868652286939323
"Cleburne County, Alabama",Alabama,196,38,460.7,85,15018,41.3,40418,17,2.57,56.7,8.3,22,93.97413678,2.94627383,0.353286229,4.221954162,Group 2,0.3348670843988657
"Clarke County, Mississippi",Mississippi,191.4,41,466.5,100,16006,41.3,34910,22.4,2.51,48.7,11.7,25.7,64.18530742,35.02628041,0.073340667,6.761177754,Group 1,0.3250945298932493
"Big Horn County, Wyoming",Wyoming,159.8,27,416.6,63,12022,41.2,50437,10.7,2.59,56.2,4.4,14.6,95.03993274,0.058848256,0.479192938,6.672369547,Group 1,0.09287030342966318
"Butler County, Kentucky",Kentucky,202.9,32,460.2,72,12938,41.2,35219,20.6,2.44,53.6,6.1,27.6,98.13790417,1.184261784,0,5.23255814,Group 1,0.33098155027255416
"Morrow County, Ohio",Ohio,185,75,456.7,183,35074,41.2,49846,12.1,2.73,57,7,16.8,97.47399703,0.405760658,0.125728655,4.83615222,Group 2,0.23350968165323138
"Chester County, South Carolina",South Carolina,215.6,86,492.8,197,32267,41.2,37537,22.5,2.61,41.2,13.8,26.7,60.08416267,38.40459516,0.07371913,6.686006354,Group 2,0.009373586159199476
"Palo Pinto County, Texas",Texas,183.7,66,466.6,164,27895,41.2,40862,18.6,2.62,51.8,8.3,21.5,90.58772967,2.449768991,0.390387164,4.602721317,Group 1,0.05450310022570193
"Chouteau County, Montana",Montana,136.8,11,421.9,33,5767,41.1,41004,19.4,2.5,54.6,4.3,22.9,76.1058924,0.068317677,0.290350128,8.205128205,Group 1,0.03678059997037053
"Monroe County, Alabama",Alabama,187,54,444.1,126,21673,41.1,34733,25.3,2.62,45.8,20.7,26.7,55.43052617,42.2289238,0.333078273,6.012145749,Group 2,0.22329421574249864
"Skagit County, Washington",Washington,172.7,269,499.3,740,121846,41,51395,15.7,2.56,53.6,8.2,20.2,85.59027341,0.806079954,1.887835902,5.818153266,Group 3,0.1314048022031784
"Putnam County, West Virginia",West Virginia,171.5,114,497.2,328,56848,41,59472,10,2.6,57.4,3.7,15.8,96.62520319,1.500106015,0.33924659,6.034482759,Group 1,0.012318175286054611
"Eaton County, Michigan",Michigan,178.6,229,413.5,523,108801,41,57088,9.8,2.45,52.1,7.8,13.6,87.12398815,6.392778357,1.973398806,5.808302127,Group 2,0.2769283577799797
"Boyle County, Kentucky",Kentucky,179.1,68,492.9,176,29809,41,41538,17.5,2.42,48.3,7.1,21.7,88.98530012,6.921192323,0.809854362,4.910307084,Group 1,0.020742358407005668
"Chesterfield County, South Carolina",South Carolina,206.2,109,428.1,228,46017,41,34949,26.4,2.52,47.8,10.3,26.8,63.86387253,33.20055421,0.528229997,4.348232654,Group 1,0.14085854520089924
"Presidio County, Texas",Texas,66.3,7,211.1,21,6876,41,34258,21.8,0.0277,54.7,9.6,22.7,91.31982475,0.013691128,3.436473165,6.324110672,Group 1,0.26117635355331004
"Grundy County, Missouri",Missouri,209.2,33,444.5,66,10097,41,37911,19.2,2.45,54.6,4.5,17.3,95.84633385,0.819032761,0.28276131,7.829010567,Group 2,0.34465464064851403
"Harlan County, Kentucky",Kentucky,277.1,98,504.8,182,27703,41,26351,34.2,2.43,52.7,9.8,34,95.4084507,2.482394366,0.383802817,3.257989088,Group 3,0.31523155444301665
"Miller County, Georgia",Georgia,200.8,17,450.6,36,5854,41,35276,25.1,0.0242,49.6,6.5,26.8,68.66576819,31.06469003,0,2.32,Group 1,0.27121980721130967
"Magoffin County, Kentucky",Kentucky,221.5,31,554.7,81,12808,41,29421,30.2,2.57,52.6,12.2,35.9,99.84590492,0.084752292,0,5.955168953,Group 3,0.299084349302575
"Carter County, Missouri",Missouri,255.8,21,492.8,39,6263,40.9,32170,24,2.54,46.7,9.7,26.6,95.84659453,0.063653724,0,2.629656684,Group 3,0.25933495280332863
"Sullivan County, Missouri",Missouri,196.5,18,425.4,37,6353,40.9,36642,17.7,2.56,52.2,6,17.9,93.84213759,0.875307125,0.62960688,10.31227306,Group 2,0.0970502570271492
"Hart County, Kentucky",Kentucky,243.5,54,519.5,115,18454,40.9,38038,23,2.49,56.7,9.6,24.8,93.26500732,4.706903096,0.227753376,8.986232791,Group 3,0.05726565537042916
"Franklin County, Georgia",Georgia,198.3,58,493.5,140,22311,40.9,38055,24.4,2.54,52.6,8.4,24.7,85.45906829,9.60651289,0.732700136,6.796906797,Group 1,0.2912759573664516
"St. Louis County, Minnesota",Minnesota,184.8,493,453.5494221,1962.667684,200431,40.9,49714,17,2.26,47.7,6.9,16.9,92.66954605,1.546587135,1.030393105,4.901104316,Group 3,0.16058587515726686
"Washington County, Florida",Florida,209.1,64,356.3,108,24687,40.9,36482,20,2.66,46.6,11.5,27,79.6581266,15.17316984,0.138048642,5.908289242,Group 2,0.2014645952731371
"Newberry County, South Carolina",South Carolina,185.1,89,426.3,198,38012,40.9,42000,19.4,2.55,45.6,10.2,21.5,61.70867604,30.00530645,0.644733351,5.557586837,Group 1,0.2460117891896516
"Madison County, New York",New York,174.2,150,505.4,428,71849,40.8,51600,11.8,2.55,46.7,5.1,17.2,94.83617988,2.048959642,0.800806329,3.238819733,Group 1,0.24435070785693824
"Cumberland County, Pennsylvania",Pennsylvania,154.6,473,460.3,1332,246338,40.8,62692,9.1,2.38,52.6,5.6,10.5,89.63744734,3.413039967,3.362092889,4.691477538,Group 1,0.3470305826049298
"King William County, Virginia",Virginia,187.4,32,514.8,90,16269,40.7,64305,8.8,2.66,58.5,5.4,13.5,76.52357582,19.54401441,0.869727278,6.631716907,Group 1,0.2654362772591412
"Conway County, Arkansas",Arkansas,167.2,47,443.9,120,21019,40.7,42348,18.3,2.49,54.2,8.1,24.3,85.40975841,12.03694931,0.052108006,5.789245447,Group 1,0.06349607440643013
"Lawrence County, Mississippi",Mississippi,211.9,33,527.4,82,12622,40.7,38471,22.3,2.63,51.6,10.8,22.2,66.335611,32.30573653,0.063562689,5.109751709,Group 3,0.20431776996701956
"Franklin County, Kentucky",Kentucky,215.7,127,512.2,297,50375,40.7,49400,12.9,2.28,46,8.7,15.3,82.83177307,10.49057817,1.605126763,4.425228891,Group 2,0.27330227685160935
"Morgan County, Kentucky",Kentucky,242.8,36,498.8,77,13275,40.7,30872,30.4,2.45,51.9,9.6,33.7,94.28805481,3.232052428,0.305332142,6.742424242,Group 2,0.14491145662032068
"Blount County, Alabama",Alabama,175.4,120,429.9,291,57673,40.7,45567,17.5,2.74,59,7.7,19,95.09790331,1.531796916,0.143822561,6.894123171,Group 2,0.15161447040736675
"Jefferson County, Illinois",Illinois,196,99,525.6,259,38353,40.7,43073,19.5,2.39,50.1,9.2,23.1,87.85836487,7.950127015,1.052413293,5.121798876,Group 3,0.045270127011463046
"Henry County, Iowa",Iowa,183.1,49,484.9,122,19950,40.7,50347,13.3,2.43,52.1,5.1,18.2,91.98705179,2.380478088,2.176294821,5.797101449,Group 2,0.03386017773300409
"Silver Bow County, Montana",Montana,171.4,79,445.5,193,34622,40.6,39882,19.5,2.22,44.8,7,17.5,94.65107528,0.471793684,0.688876668,4.512392241,Group 3,0.14993749256245792
"Calvert County, Maryland",Maryland,175.2,153,444.5,406,90595,40.6,92446,7.2,2.87,52.7,7.6,11,81.8696318,12.7072375,1.401558027,3.454078056,Group 3,0.18975015310570598
"Somervell County, Texas",Texas,168.2,18,425.4,43,8739,40.6,51733,12.1,2.45,58.9,2.1,12.5,94.21468401,0.604089219,0,9.165808445,Group 1,0.14176658960059285
"Howell County, Missouri",Missouri,204.4,109,417.6,214,40117,40.6,32662,22.1,2.45,56.1,8.3,24,96.03977583,0.309973714,0.612508059,7.519053578,Group 1,0.08883928088471293
"Larue County, Kentucky",Kentucky,192.6,35,505.2,86,14241,40.6,40312,18,2.6,49.4,9.3,26.7,92.44469574,3.498480458,0.325111315,5.039267016,Group 1,0.14057764178141952
"Tillman County, Oklahoma",Oklahoma,166.1,18,398.1,41,7515,40.5,35274,23.8,2.4,52.4,7.1,24.1,74.32274789,7.958522359,0.23331173,6.093432634,Group 2,0.32138073863461614
"Upshur County, Texas",Texas,186.3,92,424.5,207,40603,40.5,46346,14.6,2.85,55.3,7.9,17.2,84.69173982,8.696628093,0.536213089,5.176056338,Group 3,0.21019259374588728
"West Feliciana Parish, Louisiana",Louisiana,148.2,24,429,73,15385,40.4,53679,24,3.04,36.1,8.5,18,52.90301654,45.71521246,0.038923127,6.799830004,Group 3,0.18142140354029834
"Washington County, Maryland",Maryland,181,320,457,782,149585,40.4,54606,13.8,2.5,49.4,8.5,20.5,83.71072553,10.27333021,1.669458029,5.93936457,Group 2,0.008583677001297474
"Worth County, Georgia",Georgia,160,40,434.6,113,20699,40.4,40382,22.6,2.65,48.3,9.8,25.7,69.21440726,29.68425033,0.269427113,2.338461538,Group 3,0.1063543763011694
"Graves County, Kentucky",Kentucky,201.1,97,502.7,232,37421,40.3,39247,17.7,2.56,53.9,7.2,24.1,91.94709615,5.018399019,0.338648605,4.754260311,Group 3,0.12497921800240874
"Franklin County, North Carolina",North Carolina,183.4,123,472.1,317,63710,40.2,48166,15.4,2.58,51.6,9.9,20.9,67.37511237,25.69346346,0.431809426,3.545493379,Group 2,0.34273716644383967
"Dodge County, Georgia",Georgia,190.6,47,448.2,110,20882,40.2,32293,25.9,2.35,44.9,9.8,22.4,66.53918791,28.47497639,0.571293673,5.125899281,Group 1,0.2352550677023828
"Wilcox County, Alabama",Alabama,221.7,32,500.5,70,11059,40.2,24035,33.7,2.86,33.2,20.8,35,27.35202492,72.02492212,0,4.996127033,Group 3,0.1970994477160275
"Hillsborough County, New Hampshire",New Hampshire,163.2,694,482.2,2075,406678,40.1,71233,8.7,2.55,51.4,5.9,12.7,90.78351965,2.388531878,3.608418405,5.055576216,Group 3,0.3009152982849628
"Cecil County, Maryland",Maryland,195.5,207,484.3,522,102382,40.1,62198,10.6,0.0273,52.5,7.5,17.5,88.88289525,6.758532758,1.287759906,4.297102051,Group 1,0.06025784811936319
"Frederick County, Virginia",Virginia,185.3,157,456.6,389,83199,40.1,65485,7.7,2.72,57.4,5.2,11.3,91.18760757,4.445537251,1.405212687,5.175688509,Group 2,0.33205348579213023
"Perry County, Mississippi",Mississippi,202.6,28,492.4,69,12277,40.1,32459,22.6,2.75,48.2,12.9,24.1,77.46779355,21.31779765,0.073849184,4.821037253,Group 3,0.2995515838265419
"Carter County, Kentucky",Kentucky,232.1,76,541.3,176,27158,40.1,34991,23.9,2.54,51.9,11.1,26,97.95798873,0.819732123,0.135402181,4.045610747,Group 1,0.051106232684105635
"Mercer County, Ohio",Ohio,181.9,95,443.1,219,40968,40.1,52606,8.9,2.54,58.7,5.5,12.1,97.42799109,0.435601889,0.259403372,6.325515281,Group 3,0.28829442290589213
"Lee County, South Carolina",South Carolina,247.3,55,497.9,113,17896,40.1,31510,27.8,2.63,34.5,14.9,26.2,32.93429392,64.81772385,0.043334597,6.288258208,Group 1,0.18642774736508727
"Butler County, Missouri",Missouri,220.7,126,460.1,254,42951,40,35774,21.3,2.51,51.4,9.4,23.6,90.70103141,5.559823985,0.577402156,5.075560188,Group 2,0.08001628099009395
"Rock Island County, Illinois",Illinois,176.2,340,478.1,878,146133,40,48024,16.3,2.36,48.1,7.9,20.1,82.14676443,9.449514477,2.146628523,5.929944203,Group 3,0.20189663534983993
"Vermilion County, Illinois",Illinois,203.1,217,520.2,529,79282,40,42036,19,2.47,45.9,10.7,24.1,82.78916982,13.83759705,0.817489548,5.395305384,Group 2,0.27334963576868176
"Broome County, New York",New York,163.6,442,494.4,1235,196567,39.9,46283,17.2,2.37,43.8,7.8,21.2,86.90110201,5.433811392,4.089493319,4.2987606,Group 2,0.2528387054335326
"Dickson County, Tennessee",Tennessee,199.1,110,497.9,273,51487,39.9,45914,14.3,2.69,52.5,7.5,20.2,92.29077508,3.930892376,0.491361547,4.968421053,Group 3,0.14167630509473383
"Lawrence County, Tennessee",Tennessee,187.3,99,438.8,224,42564,39.9,34614,21.8,2.59,55.2,10.8,20.7,95.08122957,1.901671956,0.464168995,7.666385847,Group 3,0.15705303149297833
"LaPorte County, Indiana",Indiana,192.5,256,476,622,110884,39.9,46243,17.9,2.38,48.5,9.8,20.1,84.01150252,10.87437096,0.499640546,5.182440874,Group 3,0.17590650939382613
"Jasper County, Georgia",Georgia,169.3,25,476.7,73,13635,39.9,41818,18.2,2.61,53.8,12.7,23.4,73.88361657,21.26829986,0.411976753,3.74722134,Group 2,0.27686768863350153
"Alcorn County, Mississippi",Mississippi,187.8,87,441.3,201,37388,39.9,35180,21.8,2.49,50.8,9,24.1,84.57622123,11.47136847,0.270639621,4.523580366,Group 2,0.2396299100946635
"Woodford County, Illinois",Illinois,163.5,80,469.4,215,39227,39.9,70127,6.3,2.65,59.1,5.9,12.6,96.8010024,0.583030737,0.779931468,6.403882576,Group 1,0.3254084310028702
"Hardeman County, Tennessee",Tennessee,213.7,68,480.3,154,25707,39.8,35321,25.3,2.59,41.1,18.7,28.9,56.16120062,41.85807336,0.441854264,4.627249357,Group 2,0.0562428452540189
"Washington County, Tennessee",Tennessee,176.7,267,451.1,663,126302,39.8,43212,16.7,2.29,50.8,6.2,17,92.13913515,3.945194986,1.363741551,4.081698817,Group 2,0.23717502364888787
"De Soto Parish, Louisiana",Louisiana,197.8,64,503.8,161,27052,39.8,40642,23.5,2.61,46.4,9.3,22.5,58.08640831,37.99740404,0.296680883,5.389797883,Group 2,0.24671111721545458
"Meade County, Kansas",Kansas,176.2,11,453.5494221,1962.667684,4330,39.8,53903,11.7,2.51,61.7,2.8,11.2,88.31850331,0.844170659,1.049509468,12.21973094,Group 2,0.2704466243740171
"Bay County, Florida",Florida,191.5,395,501.1,1003,181635,39.8,44800,15.6,2.54,49,8.6,19.6,82.06874134,10.76742343,2.033612199,5.729334092,Group 1,0.14619611436501145
"Falls County, Texas",Texas,151.9,34,374.9,83,17142,39.8,35491,23.7,2.86,42,7.2,19.5,70.60884549,24.7731189,0.241240666,3.950011158,Group 2,0.10647201421670616
"Laclede County, Missouri",Missouri,183.2,80,430.9,185,35473,39.8,36895,18.4,2.6,54.4,8.8,23.6,95.75378724,0.520921327,0.636368756,4.306281055,Group 3,0.2666201344691217
"Rensselaer County, New York",New York,188.4,352,536.3,980,160266,39.8,59925,13,2.43,45.9,7.6,15.9,87.26641651,6.112570356,2.335209506,4.18906927,Group 1,0.027634872356429696
"Madison County, Indiana",Indiana,195.2,320,468.7,746,129723,39.8,44730,16.7,2.41,48.4,9.3,19.3,88.06493706,7.838501689,0.439821922,4.977235099,Group 3,0.25721727148629725
"Benton County, Mississippi",Mississippi,208.7,22,355.2,38,8182,39.8,30665,25.6,2.83,47.4,17.1,18.3,60.99173554,36.34002361,0,0.41322314,Group 1,0.0451573405880481
"St. Clair County, Alabama",Alabama,183,168,438.3,408,87074,39.8,50571,14.3,2.62,55.6,8.4,16.9,87.39401845,9.473120283,0.837370726,4.899005125,Group 3,0.3300284983124584
"Hampton County, South Carolina",South Carolina,205.4,49,422.5,101,20049,39.7,33644,23.8,2.53,42.7,11,29.4,42.51941582,53.84164509,0.112343086,4.650635209,Group 3,0.181867272593081
"Logan County, Illinois",Illinois,189.5,76,505.7,187,29494,39.7,54353,12.6,2.17,46.5,7.8,17.8,79.20616905,11.76058219,0.881292562,7.205728778,Group 2,0.006148143671452999
"Sangamon County, Illinois",Illinois,185.5,436,515.2,1177,198712,39.7,55371,15.3,2.35,47.7,7.9,18.6,82.70490815,12.35830285,1.781263818,4.889917894,Group 1,0.08554958342574537
"Gloucester County, New Jersey",New Jersey,193.5,602,544.2,1691,291479,39.6,78983,8.2,2.74,51.7,9.2,12.8,81.98850836,10.11546755,2.995886985,4.878014043,Group 3,0.3303746322635561
"Jackson Parish, Louisiana",Louisiana,217.7,47,518.6,105,15858,39.6,37130,24.6,2.49,46.1,6.9,26.1,67.96200881,30.16947048,0.173815879,4.002444241,Group 1,0.27723145787604153
"Garfield County, Utah",Utah,105.4,8,399,26,5009,39.6,45666,12.2,2.75,59.9,8.6,11.6,95.10751628,0.769382521,0.808838035,3.098290598,Group 3,0.03658206667751074
"Oldham County, Kentucky",Kentucky,163.6,85,519.6,301,64875,39.6,92097,5.5,2.98,57.5,4.3,8.5,90.34852547,4.2229167,1.365864492,4.704009263,Group 3,0.25774194253608584
"Reno County, Kansas",Kansas,172.6,152,453.5494221,1962.667684,63718,39.5,46533,15.8,2.44,53.3,5.7,15,91.3968591,2.980111774,0.565112866,5.263956311,Group 2,0.23950858763419092
"Lehigh County, Pennsylvania",Pennsylvania,168.4,741,484,2001,360685,39.5,58283,12.8,2.6,48.3,8.5,17.9,79.303501549999993,6.530794156,3.16967339,5.408652416,Group 2,0.2964005309622735
"Marshall County, Indiana",Indiana,163.7,96,448.8,245,46857,39.5,52508,10.9,2.67,54.8,8.3,16.4,93.33290746,0.589838593,0.623908692,5.134211811,Group 2,0.06477095652371645
"Decatur County, Indiana",Indiana,186.7,57,433.7,130,26521,39.5,50258,13.1,2.57,54,6.3,16.3,96.23094512,0.777439024,1.299542683,4.353189989,Group 2,0.34696624311618507
"Marshall County, Tennessee",Tennessee,216.9,76,490.5,168,31552,39.4,42839,15.5,2.57,53.2,8.4,18.3,89.36743798,7.195352868,0.545588754,3.440273038,Group 1,0.2022650793660432
"Walthall County, Mississippi",Mississippi,202.5,39,402.1,77,14638,39.4,31607,26.4,2.58,46,11.1,24.7,53.19134731,45.1862732,0.260381893,4.465958776,Group 3,0.2640400123782456
"Montgomery County, Kansas",Kansas,208.4,99,453.5494221,1962.667684,33314,39.4,42221,18,2.47,50.3,8.7,19.2,85.46395975,5.116428739,0.91855839,6.411140218,Group 1,0.2698086127638817
"Latimer County, Oklahoma",Oklahoma,191.7,28,374.7,54,10483,39.3,35522,20.7,2.5,54.8,7.8,20,69.05513273,1.410803787,0.621867459,7.799915218,Group 1,0.04409975837916136
"Mayes County, Oklahoma",Oklahoma,202.5,102,434.6,221,40887,39.3,41806,17.6,2.56,55.4,7,22,67.69575926,0.419440583,0.43651084,5.739464467,Group 2,0.26931146485731006
"Mississippi County, Missouri",Missouri,270.5,47,476.9,81,14036,39.3,30661,32.2,2.41,41.6,12.2,28.3,73.7964527,24.23282658,0.035191441,5.2144970410000004,Group 1,0.2320887807291001
"McHenry County, Illinois",Illinois,181.4,502,474.4,1404,307343,39.3,76856,6.9,2.79,58.2,8,12.5,91.46334718,1.345991795,2.633745124,4.286141792,Group 2,0.10321278404444456
"St. Joseph County, Michigan",Michigan,178.9,134,404.4,293,61018,39.2,43687,18.5,2.59,54,8.6,20.3,92.14873324,2.76457671,0.634197503,7.077326343,Group 3,0.04070439003407955
"Sampson County, North Carolina",North Carolina,183.6,136,454.3,333,63724,39.2,33876,29,2.7,45.3,10.4,25.6,61.23401124,25.71195967,0.394532901,5.0513461,Group 3,0.09983044257387519
"Okmulgee County, Oklahoma",Oklahoma,214.1,107,493.2,238,39187,39.2,38183,21.5,2.53,46.1,10.4,23.8,66.05739492,8.211225473,0.268721797,6.833686191,Group 2,0.09357940568588674
"Hopkins County, Texas",Texas,181.2,80,409.9,173,36223,39.2,44076,20.3,2.65,57.4,7.1,19.9,84.95441156,6.834058073,0.709776967,7.914410931,Group 3,0.1662004056852311
"Winnebago County, Illinois",Illinois,191.5,658,466.6,1551,287078,39.2,47708,16.9,0.0251,48.2,11.5,22.9,78.77316752,12.53344076,2.486924965,5.573940788,Group 3,0.09317939961329103
"Muskegon County, Michigan",Michigan,189.2,379,499,975,172790,39.1,42588,20,2.56,47.4,11.9,24.2,80.93863532,13.81886251,0.510254661,4.97414174,Group 1,0.2685032533481717
"Nemaha County, Nebraska",Nebraska,164.7,18,398.7,39,7046,39.1,49162,13.6,2.31,52.2,8,13.6,96.19140625,1.143973214,0.474330357,8.91959799,Group 1,0.2667087963782251
"Daviess County, Kentucky",Kentucky,199.4,234,524.8,597,99259,39.1,43390,15,0.0248,52.7,6.8,19.3,91.54757418,4.516516761,0.914711784,4.970419505,Group 1,0.1357334058266133
"Pennington County, Minnesota",Minnesota,174.2,31,453.5494221,1962.667684,14219,39.1,50905,9.3,2.34,49.7,3,17.6,93.75620128,1.658398299,0.836286322,5.893845653,Group 3,0.10297609376721084
"Calhoun County, Alabama",Alabama,191.9,267,475.9,654,115620,39.1,41123,20.5,2.52,48.2,12.3,20.2,75.11058912,20.48470612,0.857280022,4.524919585,Group 1,0.016229899832978845
"Chippewa County, Michigan",Michigan,170.7,79,414.6,187,38033,39,38989,19.9,2.46,45,11.7,20.2,71.56481625,6.69413777,0.904473125,5.803003309,Group 2,0.10090027074329555
"Carbon County, Wyoming",Wyoming,151.5,26,426.1,77,15559,39,58225,12.3,2.44,53.2,4.3,13,91.59412923,1.410508927,0.21602389,5.625,Group 2,0.08646245393902063
"Jackson County, Texas",Texas,189.2,35,409.1,72,14816,39,52185,14.7,2.79,56.4,5.2,16.2,88.08504763,7.241474527,0.207096507,5.209698558,Group 3,0.18380126589909196
"Oneida County, Idaho",Idaho,141,8,349.5,19,4281,39,46503,13.9,2.66,61,6.7,11.7,96.91401649,0,0,5.384615385,Group 3,0.2743729178328067
"Waseca County, Minnesota",Minnesota,163,40,453.5494221,1962.667684,18989,39,54183,10.1,2.43,56.8,4.6,15.5,93.69888866,2.783602432,0.760117425,6.458604248,Group 1,0.04173030029051006
"Richland County, North Dakota",North Dakota,137.7,28,456.9,90,16402,38.9,57177,9.7,2.28,54.1,3,10.2,94.00012257,0.465771894,0.343200343,6.603510727,Group 2,0.1327863761689514
"Walworth County, Wisconsin",Wisconsin,185.6,217,492.4,560,102804,38.9,52852,13.7,2.53,51.5,7.2,15.5,93.52089985,1.012238085,0.88704277,4.797917183,Group 2,0.23686315678060055
"Indiana County, Pennsylvania",Pennsylvania,151.6,172,425.1,457,86966,38.9,42611,17,2.41,48.4,7.8,13.4,94.49229194,2.508675124,1.118379885,4.149417541,Group 3,0.2119251759722829
"St. Francois County, Missouri",Missouri,216.8,165,513.8,383,66520,38.9,40376,20.3,2.33,48.2,8.3,18.9,93.13285866,4.784123618,0.384790183,4.612961296,Group 3,0.3413199295755476
"St. James Parish, Louisiana",Louisiana,201.2,48,497.4,120,21567,38.8,47477,16.1,2.69,46.7,11,19,48.66974596,50.31408776,0.055427252,4.363776791,Group 1,0.2952643346507102
"Howard County, Maryland",Maryland,131.9,346,418.1,1186,313414,38.8,106871,6.1,2.78,58,4.9,8.2,60.10226395,18.13623136,16.24089571,5.158672656,Group 2,0.2201703218743205
"La Plata County, Colorado",Colorado,129.3,69,415.5,233,54688,38.8,60658,10.7,2.38,51,5.2,12.7,88.57508179,0.379827761,0.716407807,5.222636717,Group 3,0.17150934459641576
"Shawnee County, Kansas",Kansas,171.6,374,453.5494221,1962.667684,178725,38.8,52795,15,2.44,49.5,6.8,14.5,82.79565081,7.873954092,1.136516175,5.852417303,Group 2,0.27492327080108225
"Franklin County, Alabama",Alabama,198.2,74,421.7,157,31696,38.8,33881,23.1,2.62,50.3,9.8,21.7,88.27211228,4.912435987,0.091673516,3.264508929,Group 3,0.3104959921911359
"Howard County, Missouri",Missouri,150,20,398.7,50,10139,38.8,44188,15.6,2.53,51.3,6.3,18.1,91.66175604,5.156157926,0.235710077,6.633574007,Group 2,0.09769525588490069
"Duplin County, North Carolina",North Carolina,164.5,111,410.9,276,59159,38.8,34109,27.7,2.68,48.2,11.3,25.3,61.86231141,24.95248347,0.467596253,6.430547019,Group 3,0.3215818824246526
"Clay County, Mississippi",Mississippi,187.5,47,427.7,104,20048,38.8,33939,28.4,2.57,44.2,16.2,27.4,40.50002466,58.23265447,0.586813945,3.726061615,Group 3,0.3265620335005224
"Dubuque County, Iowa",Iowa,167.8,201,488.1,544,97125,38.8,55320,11.5,2.41,53.2,4.3,12.4,93.62083707,1.94148437,1.327341355,5.831840933,Group 3,0.2113680224865675
"Doniphan County, Kansas",Kansas,160.3,16,453.5494221,1962.667684,7797,38.8,47599,15,2.32,55.3,5.8,14.5,91.72922764,3.6900369,0.241761038,4.685714286,Group 2,0.198508164845407
"Saline County, Arkansas",Arkansas,169,218,461.3,590,117460,38.7,55915,8.7,2.66,55.6,5.3,17.1,90.41314909,5.832227913,0.954907628,5.129672006,Group 1,0.008216702146455646
"Dallas County, Alabama",Alabama,217.4,108,503.7,252,41131,38.7,26602,35.2,2.53,33.4,16.4,32.8,28.66869099,69.18441904,0.341604593,8.433257358,Group 2,0.2808269136585295
"Allendale County, South Carolina",South Carolina,197.6,23,400.8,49,9433,38.7,25530,39.9,2.58,30,22.6,30.1,24.6696483,73.80565156,0,8.631578947,Group 2,0.07582005928270519
"Orangeburg County, South Carolina",South Carolina,194.1,215,461.3,506,89208,38.7,31382,30.8,2.63,38.1,12.8,26,34.31962462,61.89345846,1.024565277,6.172501823,Group 3,0.2794545623473823
"Clark County, Indiana",Indiana,189.8,232,466.8,569,115371,38.7,52050,10.6,2.59,48.1,6.8,13.9,88.27188309,7.006476352,0.880006361,5.662131013,Group 1,0.20752966776490211
"Maury County, Tennessee",Tennessee,187.4,172,450.4,411,87757,38.6,51303,15.5,2.55,50.8,7.7,20.6,84.05855701,11.72329318,0.750395414,5.317306713,Group 1,0.24654531083069742
"Valencia County, New Mexico",New Mexico,163.1,133,402.3,334,75737,38.5,40591,24.5,2.78,49.2,12.4,29.7,74.65169011,1.125863402,0.559655032,6.407674997,Group 2,0.024447625502943993
"Catahoula Parish, Louisiana",Louisiana,224.9,28,504.4,63,10147,38.5,34116,23.3,2.48,48.2,8.3,20.1,66.30233239,32.45828047,0.039035815,2.469135802,Group 1,0.011138233123347163
"Medina County, Texas",Texas,155.6,82,343.3,178,48417,38.5,53440,14.3,2.98,54.3,6.6,16.7,90.23885888,2.276755571,0.282748143,9.143368819,Group 1,0.31459108111448586
"Walton County, Georgia",Georgia,193.3,169,472.9,415,88399,38.5,52082,15.6,2.88,57.1,7.9,15.6,79.61972599,15.98473336,1.252885697,5.68799466,Group 1,0.031202611979097128
"Mercer County, New Jersey",New Jersey,160.3,648,504.7,1997,371398,38.4,73750,11.8,2.69,47.2,9.4,14.5,62.9261072,20.1471049,10.07800936,4.725836381,Group 2,0.019967135973274708
"Mesa County, Colorado",Colorado,153.9,281,414.8,724,148513,38.4,50106,15.4,2.43,51.7,8.7,20.2,92.79800317,0.746783555,0.61014381,7.265243902,Group 2,0.2548452625051141
"Wheeler County, Georgia",Georgia,179.9,14,340.7,27,7903,38.4,30264,38.9,2.16,34.6,10,31.7,58.10708899,41.65409754,0,5.070993915,Group 2,0.2828223309479654
"Schley County, Georgia",Georgia,151.3,8,358,19,5168,38.4,39601,20.1,2.7,53.4,12.4,21.1,73.64998029,23.94560505,0.157666535,6.255585344,Group 1,0.10186177864670753
"Powell County, Kentucky",Kentucky,292.5,40,630.4,91,12269,38.4,32783,26.7,2.56,45.4,8.3,29.8,96.93098739,0.409737286,0.345464771,5.682216766,Group 2,0.04488856275565922
"Crisp County, Georgia",Georgia,164.9,47,408.9,113,22881,38.4,31176,32.5,2.64,45.3,15.5,29.3,53.8903663,43.16290641,1.162391696,5.115327381,Group 2,0.14001276320777833
"Butts County, Georgia",Georgia,240.6,60,508.7,130,23593,38.4,41505,21.3,2.7,46.6,10.3,18.9,69.65237791,28.05288974,0.516101514,6.070755704,Group 3,0.09903826494701207
"Suffolk city, Virginia",Virginia,199.3,169,472,406,88161,38.3,60735,13.6,2.75,50.4,8,15.1,52.36238745,41.79430057,1.385407964,5.719705952,Group 2,0.15037927753292024
"Concordia Parish, Louisiana",Louisiana,216.1,52,480.4,116,20142,38.3,31835,30.9,2.33,42.8,11.7,18.7,57.88547117,41.22450976,0.14670644,2.773207991,Group 2,0.2433548264671117
"Jackson County, Indiana",Indiana,220.4,111,489.6,239,44069,38.3,48368,14.9,2.57,54.4,7.3,14.2,92.58126107,0.786731384,1.391732419,6.627918833,Group 2,0.08936367463320494
"Douglas County, Illinois",Illinois,177.5,44,475.1,114,19823,38.3,52526,10,2.58,57.7,6.1,15.8,96.44406335,0.48421265,0.640572985,6.28798504,Group 3,0.0018721611704677343
"Florence County, South Carolina",South Carolina,195.5,297,443.6,677,138900,38.2,42232,19.5,2.61,46.1,12.1,23.5,54.89553965,41.74437938,1.16171474,5.663639027,Group 1,0.07995456084609032
"Spalding County, Georgia",Georgia,196.2,139,511.1,361,64051,38.2,35555,27.4,2.76,44.8,12.4,23.9,63.07203357,32.89652905,0.919011163,5.051532411,Group 1,0.34152005263604224
"Muscatine County, Iowa",Iowa,170.9,84,480.5,232,43011,38.2,54441,11.4,2.59,56.3,4.6,15.6,91.93950551,1.547316664,1.242047864,6.572520705,Group 1,0.10191133478656411
"Union County, New Jersey",New Jersey,155.6,909,463,2663,555786,38.1,68172,11.1,2.91,46.5,9.8,17.1,57.86687417,21.30720336,4.822467307,5.746896424,Group 1,0.08384863869287074
"Allen County, Ohio",Ohio,185,241,456.6,569,104425,38.1,43602,18,2.53,46.2,9.2,19.5,83.54500171,12.05844329,0.751929731,6.237398089,Group 1,0.033467825734987855
"Union County, Ohio",Ohio,165.7,77,459.6,221,54277,38.1,69900,7.7,2.73,56.7,4.2,12.8,92.21993641,2.332148869,2.730503086,5.668411867,Group 3,0.3138839937746525
"Orange County, Texas",Texas,200.1,188,484.3,453,84260,38.1,48834,16,2.57,53.3,8.4,17.3,87.36436065,8.230289484,1.056274559,5.470997437,Group 2,0.3219500214327127
"Richland Parish, Louisiana",Louisiana,191.3,46,456.4,110,20523,38,36666,24.9,2.59,49.5,9.6,20.9,62.46330077,36.12648602,0.173268518,3.43803056,Group 1,0.3141288699116558
"Union County, Mississippi",Mississippi,149.4,47,461.3,144,28429,38,37667,15.9,2.66,51.7,10.7,22.7,81.84890871,14.33245838,0.729927007,4.427409262,Group 3,0.34093130845576525
"Hunt County, Texas",Texas,198.5,195,476.8,465,89844,38,43385,20.5,2.77,50.4,11.4,19,78.69895062,8.447281152,1.178848862,4.433836917,Group 2,0.04509429959580302
"Davis County, Iowa",Iowa,158.6,19,427.3,47,8769,38,46750,15.4,2.73,60.6,4.2,15.2,98.5129261,0.205902539,0.308853809,8.783008037,Group 1,0.018004035111516714
"Montgomery County, Georgia",Georgia,163.1,15,437,43,8951,38,36436,22.4,2.62,45.1,6.7,22.6,70.88537021,26.4161463,0.423728814,6.796116505,Group 2,0.19404094060882926
"Stewart County, Georgia",Georgia,228.8,15,512.8,35,5851,38,27635,39.4,2.48,23.1,14.5,27.9,29.77164281,48.68779823,1.653033402,2.584269663,Group 1,0.10761035652831197
"Warren County, Mississippi",Mississippi,192.1,103,469.1,250,47485,37.9,40397,21.7,2.58,44.8,8,21.7,49.57101208,47.94877135,0.818408996,3.589466089,Group 3,0.33710978156886995
"Nolan County, Texas",Texas,187.7,36,427.3,81,15107,37.9,38742,17.9,2.62,49.7,7.7,21.2,87.92244871,4.176349512,0.351902264,7.608695652,Group 3,0.1649576120544225
"Kosciusko County, Indiana",Indiana,187.2,162,447.8,383,78620,37.9,54068,12,2.58,58.6,6.5,14.3,92.90871087,0.833514997,1.057922881,6.807405735,Group 3,0.28226500819437206
"Shelby County, Alabama",Alabama,154.8,288,452.9,875,208713,37.9,69432,9.6,2.66,57.4,5.5,9.5,81.3079153,11.76239375,2.037537464,4.49704142,Group 2,0.32877549389377236
"Muskogee County, Oklahoma",Oklahoma,211.7,179,483.4,400,69699,37.8,41015,22.2,2.53,48.9,8.2,23.2,60.69434951,11.08452951,0.694919116,6.694613026,Group 3,0.21542036649771035
"Camp County, Texas",Texas,182.2,29,466,71,12682,37.8,37801,23.9,2.81,50.3,8.5,23.3,72.00383509,17.43368488,0.343560243,9.097345133,Group 2,0.013339222176000476
"St. Lawrence County, New York",New York,183.7,235,498.7,632,111007,37.8,43518,18.9,2.42,44.3,10,20.5,93.11764023,2.222103186,1.004365643,5.011933174,Group 1,0.21398414485156536
"Madison County, Alabama",Alabama,164.7,578,437.1,1549,353089,37.8,58833,14.2,2.46,49.8,8.5,12.4,68.92979408,24.08425173,2.488757007,5.111191026,Group 2,0.0385508113540709
"Brown County, Illinois",Illinois,165.8,12,520.2,37,6829,37.7,50225,14.2,2.43,37.9,5.4,13.8,78.0142878,16.69339554,1.151771395,3.908484271,Group 3,0.29759538802318275
"St. Clair County, Illinois",Illinois,191.2,556,488.4,1407,264052,37.7,50155,19.1,2.57,45.4,8.9,22.2,65.18730175,29.9132304,1.31371499,4.939849972,Group 2,0.0012953360565006733
"Logan County, Colorado",Colorado,150.7,42,400.5,105,22036,37.6,45439,17.7,2.61,46.5,9,22.3,91.3352791,1.445640277,2.129697191,2.713797035,Group 1,0.08050529542379081
"Mitchell County, Georgia",Georgia,179.7,46,511.7,131,22574,37.6,32711,32.6,2.55,39.8,13.5,26.3,49.2515882,47.47193456,0.274127578,7.192480588,Group 2,0.073135836282745
"Lauderdale County, Mississippi",Mississippi,161.9,149,438.8,397,78524,37.5,38869,21.7,2.56,42.8,9.6,23.2,54.46688045,42.45540635,0.845525604,5.340297394,Group 2,0.1964475391432643
"Galveston County, Texas",Texas,191.2,569,443.8,1336,322225,37.5,58333,14.3,2.66,50.9,7.5,13.9,77.9217492,13.31016378,3.309936624,5.330646143,Group 2,0.1501611303538084
"Beauregard Parish, Louisiana",Louisiana,198.3,75,463.7,178,36462,37.5,43918,18.9,2.69,55,5.7,19.8,82.13133291,13.17466008,0.612261783,3.558718861,Group 3,0.1005215011537075
"Johnston County, North Carolina",North Carolina,184.9,288,459.8,745,185660,37.4,50055,15.3,2.85,53.5,8.9,18.5,78.44850781,15.02612166,0.681069082,5.25474016,Group 3,0.2081553745083511
"Pasquotank County, North Carolina",North Carolina,203.9,93,473.4,214,39829,37.4,44596,18.8,2.61,47.1,10.1,19.5,58.6211205,36.9308811,1.431855665,5.029990529,Group 3,0.2330315166618675
"Humboldt County, California",California,177.4,273,459.5,696,135727,37.4,40581,21,2.47,41.4,10.5,24.2,81.32840618,1.27079106,2.638594724,5.240578994,Group 3,0.24903059005737305
"Johnson County, Indiana",Indiana,165.1,242,430.4,627,149633,37.3,58833,10.2,2.69,57,6.3,12.6,92.80991452,2.165539497,2.013114079,4.614683861,Group 1,0.23302857181988657
"Wayne County, Georgia",Georgia,205.6,65,482.8,157,29534,37.3,41093,25.5,2.77,47.6,11.3,20.9,74.35931572,20.89795647,0.103175131,5.499843309,Group 1,0.28654483961872756
"Spokane County, Washington",Washington,171,901,440.7,2265,490945,37.2,50083,16.3,2.45,49.4,8.4,21.4,89.03816718,1.827041461,2.315985625,5.355835918,Group 3,0.2995117185637355
"Matagorda County, Texas",Texas,166.6,72,420.8,181,36770,37.2,41587,22.1,2.7,50.4,6.4,22.2,80.4114979,10.19181376,2.084813378,8.922207202,Group 2,0.1526496612932533
"Winchester city, Virginia",Virginia,192.8,59,401.9,117,27284,37,44537,13.4,2.47,41.3,6.7,15,80.64266784,10.62279152,2.399882214,6.642835865,Group 1,0.19622527295723557
"Douglas County, Washington",Washington,157.4,70,449.9,194,40534,37,51151,15.5,2.76,58.1,6.5,26,73.33771055,0.3409177,0.742442991,4.643274854,Group 1,0.10880208434537053
"Santa Cruz County, California",California,145.4,396,450.4,1225,274146,37,64257,16.1,2.72,44.9,7.6,17.8,80.54538432,0.941406279,4.403256115,4.539151472,Group 3,0.1262335788924247
"McDonald County, Missouri",Missouri,201.2,49,334,81,22643,37,34863,22.2,2.71,52.9,8.7,22.8,89.43900189,1.541976014,1.37503844,7.439480417,Group 3,0.3026664233766496
"Juneau City and Borough, Alaska",Alaska,166.3,41,390.1,119,32756,37,80835,7.9,2.62,48.7,5.2,8.7,68.99572715,1.269558268,6.811963973,5.601633278,Group 3,0.12731854268349707
"Rankin County, Mississippi",Mississippi,157.3,222,483.7,697,149039,36.9,58368,11.1,2.62,53.5,5.4,13,77.11176675,19.68915448,1.223758355,4.71844142,Group 1,0.003390246769413352
"Todd County, Kentucky",Kentucky,183.7,25,453.4,63,12531,36.9,40002,19.3,2.7,53.7,8.5,24.4,85.81922708,8.455764931,0.047908017,6.25698324,Group 1,0.17009758413769305
"Stone County, Mississippi",Mississippi,214.2,39,506.8,93,18070,36.8,41136,19.5,3,49.3,9.7,23,78.69062187,19.19012126,0.150183558,6.422857143,Group 2,0.10649846168234944
"Wilkinson County, Mississippi",Mississippi,219.7,24,437.7,49,9122,36.8,27596,32.5,2.6,34.4,9.7,32,28.87105404,70.65810594,0,2.790178571,Group 3,0.21750666364096105
"Pike County, Mississippi",Mississippi,215.8,101,506.1,235,39956,36.7,30078,30.5,2.65,40.4,9.5,28,45.61946351,52.47161572,0.426699938,5.009078287,Group 3,0.2173433604184538
"Jim Hogg County, Texas",Texas,202.2,12,385.1,22,5200,36.7,36929,22.5,3.09,48.4,16.5,20.6,94.67455621,1.259782401,0,17.26057906,Group 2,0.008014393271878362
"Grant County, Kentucky",Kentucky,205.4,48,513.7,123,24757,36.7,46226,16.9,2.91,54.9,6.8,18.4,94.85610053,0.31617349,0.024321038,7.708225556,Group 1,0.2298301230184734
"Lee County, Georgia",Georgia,192.8,44,520.4,132,29202,36.7,64533,11.8,2.76,56.4,7.2,14.1,75.03972915,19.8991225,2.318109583,5.414364641,Group 1,0.1272079769987613
"Caddo Parish, Louisiana",Louisiana,199.4,577,492.8,1401,251460,36.6,39812,24.1,2.55,39.3,7,24,47.84919644,47.93909132,1.204748334,5.272379222,Group 2,0.295258229598403
"St. Landry Parish, Louisiana",Louisiana,217.8,202,530.4,497,83848,36.6,32683,30.1,2.68,43.1,6.1,24.7,56.36324495,40.86924282,0.392283497,6.971510409,Group 2,0.29483938962221146
"Passaic County, New Jersey",New Jersey,159.1,827,448.4,2305,510916,36.5,58030,18.2,3.09,44.3,8.6,25,64.2678703,12.60387648,5.298143719,4.533343875,Group 3,0.02385666174814105
"Eddy County, New Mexico",New Mexico,170.8,107,391.3,239,57578,36.5,57007,14.1,2.66,50.3,5.8,21.3,89.60119336,1.324562822,0.517603925,9.558702453,Group 2,0.047048918437212706
"Charleston County, South Carolina",South Carolina,173.7,668,462.1,1760,389262,36.5,52752,16.8,2.44,42.5,7.7,15,67.18136571,28.70685217,1.37783451,4.774692859,Group 1,0.2570175202563405
"Santa Cruz County, Arizona",Arizona,132.8,68,296.2,149,46461,36.5,37465,23.6,3.04,53.1,11.3,27.9,79.75484885,0.350519406,0.989951777,6.643259725,Group 1,0.048546787817031145
"George County, Mississippi",Mississippi,210.5,48,415.7,98,23373,36.4,44811,17,3.02,51.3,9,22.5,89.27891274,7.929362881,0.683864266,3.008098727,Group 1,0.10591832059435546
"Liberty County, Texas",Texas,203.2,152,401.7,309,79654,36.4,47123,17.4,2.82,51.5,11.5,20.9,80.7991121,10.6948352,0.667217304,6.112482007,Group 2,8.807249832898378e-4
"Lowndes County, Mississippi",Mississippi,185,121,445.6,285,59710,36.3,39937,23.6,2.5,45.7,12.6,21.7,53.79654601,43.83323004,0.703529372,6.778509815,Group 3,0.2667156404349953
"Chambers County, Texas",Texas,183,55,445.8,145,38863,36.2,77281,10.7,2.84,62,7.8,16.6,84.0702263,7.938041932,1.304662962,5.775206257,Group 1,0.013498827815055847
"Grant County, Wisconsin",Wisconsin,166.9,108,428.2,257,52250,36.1,46972,15,2.44,48.6,4.6,13.9,96.73716716,1.303190973,0.736079551,5.174434328,Group 3,0.0648259581066668
"Troup County, Georgia",Georgia,186,134,483.7,344,69763,36.1,41141,19.5,2.73,43.1,11.9,18.8,60.320618,34.41416063,1.755557814,6.920828113,Group 2,0.09813542035408318
"Clinch County, Georgia",Georgia,190,13,442.3,33,6893,36.1,31577,28.5,2.49,41.9,10.7,27.1,67.19187159,26.63819761,0.427035783,11.29568106,Group 3,0.07582846959121525
"St. John the Baptist Parish, Louisiana",Louisiana,200.6,87,460.8,209,43626,36,47225,20.8,2.83,44.7,9.2,24.5,42.05747152,54.34433097,0.47553271,4.727439304,Group 2,0.012403308879584074
"Scott County, Mississippi",Mississippi,211,62,535.9,158,28265,36,32049,26.9,2.85,42.7,13.1,24.9,59.80277807,37.33078853,0.862404128,5.869989491,Group 3,0.2794747648295015
"Yuma County, Colorado",Colorado,184.3,24,427.2,54,10146,36,46838,14,2.6,55.2,2.5,21.3,94.14825724,1.197839961,0.108001964,4.737575476,Group 1,0.02865637931972742
"Pierce County, Wisconsin",Wisconsin,149.8,57,278.5,108,40889,35.9,68471,10.8,2.51,51.5,3.6,12,96.4141278,0.485306012,1.107870291,4.1095890410000004,Group 3,0.17005673819221556
"Iberia Parish, Louisiana",Louisiana,205.9,155,515.4,394,74103,35.8,45226,19.4,0.0277,46,10.6,23,62.28867429,31.42633017,2.687386729,6.645642202,Group 1,0.2722077143844217
"Yazoo County, Mississippi",Mississippi,207.4,58,493.2,139,27387,35.8,30313,34.6,2.82,34.4,19.8,33.5,38.44362438,57.51854108,0.437103651,5.055775459,Group 2,0.3293555676937103
"Ada County, Idaho",Idaho,151.6,561,469,1757,434211,35.8,57908,11.6,2.61,53.6,6.6,11.1,91.4024158,1.135566142,2.665143317,4.783515756,Group 1,0.23023840063251555
"Ellis County, Texas",Texas,175.4,236,436.2,605,163632,35.7,61157,11,2.95,57.6,6.5,14.4,81.29735512,9.243718881,0.609329038,5.889593045,Group 1,0.33248249045573175
"Caldwell County, Texas",Texas,159.3,63,412.1,161,40522,35.6,47227,16,2.85,45.8,5.2,19,73.70574631,7.078049152,0.203319186,4.685714286,Group 2,0.06951360637322068
"Reeves County, Texas",Texas,148.3,20,345.2,47,14732,35.6,39006,24.8,3.06,44.7,6.7,23.4,82.97482192,3.907186685,0.846322026,8.634992459,Group 2,0.10846881591714919
"Bibb County, Georgia",Georgia,199.3,333,480.8,796,153721,35.6,36014,28.2,2.59,37.7,12.4,24.1,42.94775734,53.09076581,1.719460521,5.466863951,Group 3,0.3382797434460372
"Benton County, Washington",Washington,163.9,296,452.4,814,190309,35.5,58750,14.6,2.72,53.5,6.9,19.1,80.16330503,1.489752879,2.615584275,6.253360451,Group 1,0.27445879369042814
"Lonoke County, Arkansas",Arkansas,204.9,135,492.3,331,71645,35.5,54459,12.3,2.7,58.3,5.9,18,89.32537381,6.085640322,0.646475506,7.028310079,Group 2,0.14631617860868573
"Schleicher County, Texas",Texas,205.8,7,412.8,15,3211,35.5,50361,13.6,3,59,4.1,12.4,75.46526055,0.093052109,0.186104218,5.007153076,Group 2,0.26291094860062003
"Scott County, Minnesota",Minnesota,153.9,148,453.5494221,1962.667684,141660,35.5,91688,5.5,2.9,60.3,4.6,8,85.67236131,2.941262143,5.920391489,6.064705544,Group 3,0.29707102780230343
"Gregg County, Texas",Texas,189.9,258,441,579,124108,35.4,50020,18.2,2.61,46.9,5.9,20,74.67242527,20.14483106,1.410966244,6.625137665,Group 1,0.27852085162885487
"Randall County, Texas",Texas,160,202,428,539,130269,35.4,64636,9.7,2.55,53.9,3.9,12.1,90.65876859,2.749601678,1.50967803,5.145852764,Group 3,0.08584343758411705
"Echols County, Georgia",Georgia,126.4,5,538.1,19,4040,35.4,34444,27.1,2.86,52.1,10.1,24.9,83.64624506,2.0256917,0,1.424501425,Group 2,0.08963543153367937
"Terrebonne Parish, Louisiana",Louisiana,213.2,234,493.1,549,113972,35.2,49044,20.9,2.78,47.7,5.5,20.1,71.23077469,18.53435277,0.913590321,5.230870955,Group 1,0.31580615509301424
"Montgomery County, Alabama",Alabama,189.8,442,438.8,1023,226519,35.2,43054,22.5,2.47,39.5,8.8,20.9,38.92380927,56.08929683,2.263542242,5.64778925,Group 2,0.239929158706218
"DeKalb County, Georgia",Georgia,157.4,914,462.8,2841,734871,35.1,50597,20.4,2.63,38.2,11.3,17.6,35.14492602,53.72251096,5.740502645,5.74981682,Group 3,0.32249901234172285
"Bryan County, Georgia",Georgia,208.9,54,490.5,135,35137,35.1,66556,11.9,2.89,57.8,9,14.6,78.30533016,15.23030979,2.192995686,4.93857195,Group 2,0.3319424546789378
"Benton County, Arkansas",Arkansas,166.2,375,401,887,249672,35,57408,11.9,2.75,59.9,4.2,16.5,87.92894987,1.490776581,3.468542977,5.82126689,Group 3,0.20245751226320863
"San Benito County, California",California,150.4,75,433,216,58792,35,68166,14.1,3.33,51,12.2,20.5,84.53185538,0.780096252,2.66344667,6.536926148,Group 2,0.13120139786042273
"Walker County, Texas",Texas,164.6,101,472.7,302,70699,35,39984,26.3,2.37,38.5,4.4,12.8,73.29294678,22.69580268,1.17842204,3.854536397,Group 1,0.2139910412952304
"Wood County, Ohio",Ohio,173,232,403,533,129730,34.8,54996,13.5,2.44,48.2,7.2,10.6,92.16433254,2.714823292,1.682119719,4.528947447,Group 1,0.05772260972298682
"Peach County, Georgia",Georgia,222.3,60,487.9,135,26720,34.7,40550,21.7,2.5,44.7,11.3,17.6,47.53378129,45.70626892,1.063279923,2.874946891,Group 2,0.29807446361519396
"Madison Parish, Louisiana",Louisiana,181.9,22,379,47,11514,34.6,26732,41.4,2.55,34.6,16.9,24,36.18293607,61.97254274,0.07580224,4.463336876,Group 3,0.024900160264223814
"Dimmit County, Texas",Texas,148,18,328.3,37,10980,34.6,36856,25,2.96,36.6,10.3,30.4,95.31922861,0.458715596,0.215315484,2.542372881,Group 2,0.3028573077172041
"Blaine County, Montana",Montana,170.1,12,484.6,36,6577,34.5,35740,25.2,2.87,46.6,13.4,22.4,47.90845711,0.242497727,0,8.100358423,Group 2,0.3147142955567688
"Phelps County, Missouri",Missouri,163.8,82,423.3,206,44794,34.4,40710,21.6,2.52,47.8,7,14.5,90.95027649,2.5050523,3.446667703,7.510402923,Group 1,0.06644109566695988
"San Juan County, New Mexico",New Mexico,136.7,166,356.1,435,118737,34.2,47520,21,3.04,46.6,9.2,24.4,53.09790383,0.552212446,0.51465241,6.09617959,Group 2,0.1507364073768258
"Colfax County, Nebraska",Nebraska,163,19,394.5,45,10520,34.2,50758,10.3,2.87,56.8,6.4,14.2,91.21839954,2.128872838,0.142558449,6.487488415,Group 2,0.22738531907089055
"Sevier County, Utah",Utah,154.2,35,417.4,93,20984,34.1,48622,12.1,2.9,59.6,5.9,14.8,95.25657611,0.378515644,0.201236165,9.947524527,Group 2,0.1898124711588025
"Colusa County, California",California,153.3,32,400.2,84,21482,34,48006,14.3,3.04,55.1,10.4,30.9,85.00654328,0.705739391,1.958309964,6.602564103,Group 2,0.28540599276311696
"Eau Claire County, Wisconsin",Wisconsin,163.4,177,440.9,454,102105,33.8,48102,14.4,2.43,46.4,5.8,14.6,92.75184882,0.737551959,3.447833256,4.346348463,Group 1,0.06038384395651519
"Titus County, Texas",Texas,155.8,49,385.4,120,32623,33.8,40680,20.6,3.08,53,7.5,21,74.56762818,9.805547876,0.814057076,6.467919637,Group 2,0.21560640027746558
"Lincoln County, Idaho",Idaho,145.9,7,460,22,5297,33.8,44046,14.1,3.21,59.5,6,21.4,88.6121673,0,0.228136882,6.751054852,Group 2,0.23093654564581811
"Dakota County, Nebraska",Nebraska,177.8,36,396,81,20781,33.7,50289,14.8,2.81,57.1,7.4,16.8,68.51139533,4.135012982,3.168573901,9.833738848,Group 3,0.06649167253635824
"Dawes County, Nebraska",Nebraska,155.4,19,370,40,9055,33.7,40667,18.8,2.22,48.7,2.6,10.8,89.30604203,0.525394046,1.762259194,7.437661221,Group 3,0.2887608816381544
"Hinds County, Mississippi",Mississippi,175.5,413,502.3,1189,242891,33.6,38454,23.6,2.68,35,10.3,23.8,27.30056858,70.30796262,0.820745585,5.533244087,Group 2,0.05357872252352536
"Harnett County, North Carolina",North Carolina,182.9,190,468.2,501,128140,33.6,45380,20.5,2.84,51.1,11.3,18.5,67.93838481,20.96122909,1.175997426,5.917065391,Group 1,0.276647828752175
"Stanislaus County, California",California,164.9,793,433.4,2075,538388,33.5,50917,18.1,3.08,47.9,15.2,27.7,75.29481367,2.718220897,5.415583455,6.025884863,Group 2,0.2250758793670684
"Muscogee County, Georgia",Georgia,190,362,504.8,947,200579,33.5,41783,21.9,2.61,39.5,11,19.3,45.81820905,44.76770602,2.407569214,6.992367626,Group 3,0.23841079603880644
"Richmond County, Georgia",Georgia,197.6,392,453.5,903,201793,33.3,36012,26,2.68,35.2,12,23.4,39.07328196,54.83056868,1.706981435,6.251597303,Group 1,0.029541620751842856
"East Baton Rouge Parish, Louisiana",Louisiana,178.8,759,487.1,2082,446753,33.2,46831,18.4,2.57,39,7.6,19,48.64130068,45.53374261,3.206278531,4.474235159,Group 1,0.3168536147568375
"Adams County, Colorado",Colorado,162.4,557,420.8,1522,491337,33,59316,12.9,2.98,49.7,7.9,20.1,82.81982827,3.239347547,3.805554259,6.288469602,Group 2,0.29083052556961775
"Houghton County, Michigan",Michigan,155.4,67,373.8,153,36380,32.8,39126,18.7,2.51,44.3,7.2,16.7,93.61702128,0.741953082,2.921440262,5.373953975,Group 1,0.04300812492147088
"Grant County, Kansas",Kansas,197.8,13,453.5494221,1962.667684,7733,32.8,60279,10.9,2.86,62.5,7.3,17.9,75.42221085,0.012794268,0,5.375139978,Group 1,0.02023462043143809
"Campbell County, Wyoming",Wyoming,215.9,58,436.5,146,49220,32.7,79358,7.1,2.71,56.6,4,8.8,93.57257409,0.791452315,0.635244621,5.19665272,Group 2,0.32537400838918984
"Benton County, Oregon",Oregon,155.6,140,414.8,361,87572,32.7,54089,18.9,2.4,44.2,8.6,14.8,87.43626799,0.879819643,6.176079542,3.454048815,Group 3,0.3276848364621401
"Bannock County, Idaho",Idaho,151.5,118,378.7,297,83744,32.7,44324,17.4,2.67,51.6,7.2,13.8,90.43706043,0.747571887,1.307353715,5.416377859,Group 1,0.2909419247880578
"Claiborne County, Mississippi",Mississippi,175.9,18,432.6,43,9150,32.7,26083,42.6,2.74,26.2,17.5,36.7,13.6227224,84.86602358,0.921757771,5.663430421,Group 2,0.01207013987004757
"Buffalo County, Nebraska",Nebraska,159.1,75,443.6,203,48863,32.5,51550,12.5,2.49,50.8,3.5,9.7,93.25868468,1.173943868,1.282372076,4.894004637,Group 1,0.34146943083032966
"Kodiak Island Borough, Alaska",Alaska,181.9,15,416.6,43,13889,32.4,67972,8.3,2.98,52.4,6.3,14.6,54.02562084,0.472339512,21.27674801,6.768558952,Group 3,0.07435304019600153
"Morgan County, Utah",Utah,138.7,11,380.5,33,11065,32.3,82597,4.6,3.4,69.2,6,8.5,96.86648501,0.360062281,0.768781627,6.102877071,Group 3,0.25635699881240726
"La Salle County, Texas",Texas,135.7,9,307.1,21,7631,31.7,38012,28.1,3.19,47,8.1,27.5,80.00278125,1.001251564,0,11.31436314,Group 2,0.12690670741721988
"Ochiltree County, Texas",Texas,198.4,18,438.4,40,10747,31.7,61773,10.7,2.86,56.3,5.2,14.6,85.90490509,0.441646307,0.375869198,9.821782178,Group 3,0.19960602256469429
"Val Verde County, Texas",Texas,143.9,70,367.2,176,48988,31.7,41437,22.2,3.2,51.9,9.3,22.5,93.00939159,1.090240915,0.422621478,6.376628075,Group 1,0.131502544041723
"Menominee County, Wisconsin",Wisconsin,228.8,9,478.4,19,4573,31.6,36774,29.1,3.48,37.2,14.8,33,11.00876208,0.426870366,2.44888789,10.89005236,Group 1,0.0045010612811893225
"Hoke County, North Carolina",North Carolina,191.8,64,424.7,156,52671,31.4,44175,19.5,2.93,50.7,13.1,22.5,46.48262359,34.14782183,1.315712188,7.366934285,Group 1,0.03676253370940685
"Moore County, Texas",Texas,179.8,32,407.5,75,22255,31.1,42839,14.6,3.21,59,4.1,18.1,79.58798977,2.948700687,8.482563619,10.43646945,Group 3,0.33071557711809874
"Cumberland County, North Carolina",North Carolina,186.1,501,450.8,1248,323838,31.1,42582,17.6,2.56,46.9,12.6,19.2,51.90987144,36.21777987,2.405707895,5.883459752,Group 2,0.0434125317260623
"McKinley County, New Mexico",New Mexico,137.7,82,332.9,205,76708,30.8,29497,35.8,3.97,33.5,15.5,37.6,16.93289008,0.814886889,0.968945107,7.322096363,Group 3,0.32813072414137423
"Curry County, New Mexico",New Mexico,143.8,66,336.5,153,50398,30.7,42620,19.2,2.72,48.7,9.1,24.1,69.66552468,6.350872329,1.542665901,7.197033541,Group 1,0.0518314796499908
"Coryell County, Texas",Texas,184.5,91,446.1,239,75503,30.6,47018,14.8,2.86,50.4,9.5,10.6,71.52033417,15.15211223,2.004518705,6.044769217,Group 1,0.05706447083503008
"Lubbock County, Texas",Texas,163.7,425,430,1107,299453,30.6,45719,17.7,2.59,43.5,6.2,16.6,79.53140153,7.112544793,2.025572422,5.340021423,Group 1,0.293228151043877
"Johnson County, Missouri",Missouri,183.4,87,472,227,53951,29.7,49949,14.6,2.49,49.6,8,12.9,89.33247161,4.407718586,1.434770566,6.303106282,Group 3,0.247447710018605
"Bennett County, South Dakota",South Dakota,170,6,399,13,3423,29.4,34326,34.8,3.24,41,14.7,36.4,31.29726585,0.959860384,0,5.882352941,Group 1,0.31857550516724586
"Champaign County, Illinois",Illinois,152.5,267,450.2,781,208861,29.3,47966,22.6,2.38,39.3,6.5,13.5,73.38384378,12.5880855,9.985128738,3.467190704,Group 1,0.13123621698468924
"Waller County, Texas",Texas,163.1,64,375.6,145,48656,29.1,50589,16.1,2.94,44.8,8.3,19.3,68.98379392,25.36480031,0.7721334,4.760740197,Group 3,0.19342600973322988
"Latah County, Idaho",Idaho,148.9,50,395.9,134,38778,28.5,43482,19.9,2.33,45.5,7.6,9,93.00190407,0.654685829,2.253579906,4.020530368,Group 1,0.22741121612489223
"Monroe County, Indiana",Indiana,168.5,205,428.7,507,144705,28.4,43841,24,2.36,36,6.9,11,86.84657734,2.928288531,6.131148001,3.932688732,Group 2,0.19687568163499236
"Clay County, South Dakota",South Dakota,170.9,21,393.5,46,13964,25.2,43453,24.9,2.21,36.6,6.8,13,90.06494897,1.484547855,2.069802298,2.566452796,Group 3,0.31237720837816596
"Madison County, Idaho",Idaho,125.2,22,376.2,74,38273,23.2,36065,27.1,3.6,53.6,10.2,13.5,95.3159616,0.693638569,1.099799557,6.963315217,Group 2,0.08620293973945081
"Radford city, Virginia",Virginia,193.1,21,463.1,51,17403,22.3,34267,32.4,2.57,25.3,8.8,13.2,85.29635927,9.186844111,1.93468957,1.039129729,Group 2,0.2734171380288899
